,M6600003
2011-01-01,205.0
2011-01-02,268.0
2011-01-03,301.0
2011-01-04,541.0
2011-01-05,561.0
2011-01-06,627.0
2011-01-07,557.0
2011-01-08,345.0
2011-01-09,318.0
2011-01-10,539.0
2011-01-11,588.0
2011-01-12,571.0
2011-01-13,526.0
2011-01-14,522.0
2011-01-15,322.0
2011-01-16,265.0
2011-01-17,446.0
2011-01-18,492.0
2011-01-19,500.0
2011-01-20,470.0
2011-01-21,434.0
2011-01-22,289.0
2011-01-23,275.0
2011-01-24,423.0
2011-01-25,430.0
2011-01-26,410.0
2011-01-27,419.0
2011-01-28,353.0
2011-01-29,269.0
2011-01-30,202.0
2011-01-31,272.0
2011-02-01,129.0
2011-02-02,95.0
2011-02-03,101.0
2011-02-04,168.0
2011-02-05,131.0
2011-02-06,220.0
2011-02-07,179.0
2011-02-08,289.0
2011-02-09,482.0
2011-02-10,772.0
2011-02-11,856.0
2011-02-12,758.0
2011-02-13,570.0
2011-02-14,860.0
2011-02-15,443.0
2011-02-16,173.0
2011-02-17,572.0
2011-02-18,795.0
2011-02-19,490.0
2011-02-20,394.0
2011-02-21,867.0
2011-02-22,883.0
2011-02-23,865.0
2011-02-24,763.0
2011-02-25,779.0
2011-02-26,432.0
2011-02-27,406.0
2011-02-28,878.0
2011-03-01,878.0
2011-03-02,853.0
2011-03-03,873.0
2011-03-04,819.0
2011-03-05,409.0
2011-03-06,415.0
2011-03-07,726.0
2011-03-08,654.0
2011-03-09,758.0
2011-03-10,834.0
2011-03-11,670.0
2011-03-12,398.0
2011-03-13,357.0
2011-03-14,659.0
2011-03-15,745.0
2011-03-16,781.0
2011-03-17,665.0
2011-03-18,586.0
2011-03-19,384.0
2011-03-20,359.0
2011-03-21,695.0
2011-03-22,770.0
2011-03-23,705.0
2011-03-24,750.0
2011-03-25,731.0
2011-03-26,391.0
2011-03-27,319.0
2011-03-28,688.0
2011-03-29,664.0
2011-03-30,697.0
2011-03-31,910.0
2011-04-01,730.0
2011-04-02,534.0
2011-04-03,328.0
2011-04-04,336.0
2011-04-05,311.0
2011-04-06,686.0
2011-04-07,717.0
2011-04-08,652.0
2011-04-09,407.0
2011-04-10,346.0
2011-04-11,713.0
2011-04-12,781.0
2011-04-13,743.0
2011-04-14,706.0
2011-04-15,737.0
2011-04-16,408.0
2011-04-17,369.0
2011-04-18,759.0
2011-04-19,776.0
2011-04-20,881.0
2011-04-21,821.0
2011-04-22,723.0
2011-04-23,438.0
2011-04-24,343.0
2011-04-25,695.0
2011-04-26,801.0
2011-04-27,761.0
2011-04-28,749.0
2011-04-29,672.0
2011-04-30,320.0
2011-05-01,288.0
2011-05-02,311.0
2011-05-03,637.0
2011-05-04,679.0
2011-05-05,738.0
2011-05-06,659.0
2011-05-07,387.0
2011-05-08,367.0
2011-05-09,719.0
2011-05-10,686.0
2011-05-11,783.0
2011-05-12,721.0
2011-05-13,752.0
2011-05-14,444.0
2011-05-15,395.0
2011-05-16,809.0
2011-05-17,773.0
2011-05-18,769.0
2011-05-19,700.0
2011-05-20,679.0
2011-05-21,413.0
2011-05-22,382.0
2011-05-23,716.0
2011-05-24,727.0
2011-05-25,769.0
2011-05-26,704.0
2011-05-27,714.0
2011-05-28,390.0
2011-05-29,395.0
2011-05-30,677.0
2011-05-31,798.0
2011-06-01,694.0
2011-06-02,751.0
2011-06-03,623.0
2011-06-04,368.0
2011-06-05,303.0
2011-06-06,302.0
2011-06-07,720.0
2011-06-08,766.0
2011-06-09,758.0
2011-06-10,718.0
2011-06-11,484.0
2011-06-12,354.0
2011-06-13,844.0
2011-06-14,760.0
2011-06-15,781.0
2011-06-16,796.0
2011-06-17,779.0
2011-06-18,423.0
2011-06-19,402.0
2011-06-20,772.0
2011-06-21,798.0
2011-06-22,746.0
2011-06-23,706.0
2011-06-24,645.0
2011-06-25,440.0
2011-06-26,407.0
2011-06-27,742.0
2011-06-28,799.0
2011-06-29,801.0
2011-06-30,820.0
2011-07-01,750.0
2011-07-02,443.0
2011-07-03,370.0
2011-07-04,775.0
2011-07-05,1402.0
2011-07-06,929.0
2011-07-07,879.0
2011-07-08,777.0
2011-07-09,473.0
2011-07-10,366.0
2011-07-11,798.0
2011-07-12,844.0
2011-07-13,740.0
2011-07-14,810.0
2011-07-15,741.0
2011-07-16,483.0
2011-07-17,401.0
2011-07-18,799.0
2011-07-19,825.0
2011-07-20,749.0
2011-07-21,810.0
2011-07-22,671.0
2011-07-23,410.0
2011-07-24,375.0
2011-07-25,645.0
2011-07-26,757.0
2011-07-27,725.0
2011-07-28,739.0
2011-07-29,635.0
2011-07-30,424.0
2011-07-31,326.0
2011-08-01,743.0
2011-08-02,775.0
2011-08-03,720.0
2011-08-04,661.0
2011-08-05,633.0
2011-08-06,348.0
2011-08-07,344.0
2011-08-08,670.0
2011-08-09,616.0
2011-08-10,728.0
2011-08-11,670.0
2011-08-12,512.0
2011-08-13,301.0
2011-08-14,323.0
2011-08-15,542.0
2011-08-16,655.0
2011-08-17,665.0
2011-08-18,577.0
2011-08-19,576.0
2011-08-20,349.0
2011-08-21,315.0
2011-08-22,665.0
2011-08-23,650.0
2011-08-24,650.0
2011-08-25,536.0
2011-08-26,517.0
2011-08-27,271.0
2011-08-28,337.0
2011-08-29,511.0
2011-08-30,577.0
2011-08-31,586.0
2011-09-01,575.0
2011-09-02,482.0
2011-09-03,290.0
2011-09-04,320.0
2011-09-05,594.0
2011-09-06,558.0
2011-09-07,577.0
2011-09-08,508.0
2011-09-09,458.0
2011-09-10,231.0
2011-09-11,173.0
2011-09-12,216.0
2011-09-13,525.0
2011-09-14,584.0
2011-09-15,596.0
2011-09-16,503.0
2011-09-17,331.0
2011-09-18,219.0
2011-09-19,513.0
2011-09-20,545.0
2011-09-21,492.0
2011-09-22,494.0
2011-09-23,446.0
2011-09-24,282.0
2011-09-25,270.0
2011-09-26,483.0
2011-09-27,489.0
2011-09-28,460.0
2011-09-29,412.0
2011-09-30,360.0
2011-10-01,205.0
2011-10-02,155.0
2011-10-03,220.0
2011-10-04,200.0
2011-10-05,175.0
2011-10-06,262.0
2011-10-07,275.0
2011-10-08,414.0
2011-10-09,502.0
2011-10-10,578.0
2011-10-11,617.0
2011-10-12,510.0
2011-10-13,578.0
2011-10-14,555.0
2011-10-15,335.0
2011-10-16,311.0
2011-10-17,557.0
2011-10-18,573.0
2011-10-19,548.0
2011-10-20,619.0
2011-10-21,505.0
2011-10-22,325.0
2011-10-23,308.0
2011-10-24,521.0
2011-10-25,582.0
2011-10-26,553.0
2011-10-27,554.0
2011-10-28,535.0
2011-10-29,296.0
2011-10-30,283.0
2011-10-31,578.0
2011-11-01,559.0
2011-11-02,478.0
2011-11-03,551.0
2011-11-04,531.0
2011-11-05,339.0
2011-11-06,264.0
2011-11-07,606.0
2011-11-08,530.0
2011-11-09,568.0
2011-11-10,591.0
2011-11-11,499.0
2011-11-12,322.0
2011-11-13,288.0
2011-11-14,589.0
2011-11-15,610.0
2011-11-16,640.0
2011-11-17,614.0
2011-11-18,562.0
2011-11-19,317.0
2011-11-20,267.0
2011-11-21,577.0
2011-11-22,594.0
2011-11-23,543.0
2011-11-24,574.0
2011-11-25,513.0
2011-11-26,356.0
2011-11-27,294.0
2011-11-28,581.0
2011-11-29,636.0
2011-11-30,631.0
2011-12-01,660.0
2011-12-02,505.0
2011-12-03,345.0
2011-12-04,273.0
2011-12-05,574.0
2011-12-06,607.0
2011-12-07,605.0
2011-12-08,570.0
2011-12-09,501.0
2011-12-10,324.0
2011-12-11,281.0
2011-12-12,568.0
2011-12-13,614.0
2011-12-14,609.0
2011-12-15,665.0
2011-12-16,548.0
2011-12-17,325.0
2011-12-18,303.0
2011-12-19,577.0
2011-12-20,608.0
2011-12-21,607.0
2011-12-22,518.0
2011-12-23,521.0
2011-12-24,312.0
2011-12-25,284.0
2011-12-26,574.0
2011-12-27,586.0
2011-12-28,558.0
2011-12-29,594.0
2011-12-30,521.0
2011-12-31,420.0
2012-01-01,279.0
2012-01-02,288.0
2012-01-03,340.0
2012-01-04,571.0
2012-01-05,539.0
2012-01-06,562.0
2012-01-07,321.0
2012-01-08,310.0
2012-01-09,505.0
2012-01-10,559.0
2012-01-11,515.0
2012-01-12,511.0
2012-01-13,460.0
2012-01-14,315.0
2012-01-15,281.0
2012-01-16,378.0
2012-01-17,404.0
2012-01-18,376.0
2012-01-19,329.0
2012-01-20,270.0
2012-01-21,228.0
2012-01-22,85.0
2012-01-23,171.0
2012-01-24,182.0
2012-01-25,159.0
2012-01-26,181.0
2012-01-27,175.0
2012-01-28,238.0
2012-01-29,390.0
2012-01-30,532.0
2012-01-31,598.0
2012-02-01,666.0
2012-02-02,665.0
2012-02-03,647.0
2012-02-04,411.0
2012-02-05,359.0
2012-02-06,599.0
2012-02-07,780.0
2012-02-08,822.0
2012-02-09,770.0
2012-02-10,794.0
2012-02-11,459.0
2012-02-12,417.0
2012-02-13,795.0
2012-02-14,788.0
2012-02-15,869.0
2012-02-16,889.0
2012-02-17,782.0
2012-02-18,445.0
2012-02-19,422.0
2012-02-20,929.0
2012-02-21,843.0
2012-02-22,874.0
2012-02-23,841.0
2012-02-24,798.0
2012-02-25,473.0
2012-02-26,423.0
2012-02-27,826.0
2012-02-28,903.0
2012-02-29,867.0
2012-03-01,860.0
2012-03-02,712.0
2012-03-03,428.0
2012-03-04,347.0
2012-03-05,823.0
2012-03-06,847.0
2012-03-07,796.0
2012-03-08,627.0
2012-03-09,661.0
2012-03-10,404.0
2012-03-11,372.0
2012-03-12,804.0
2012-03-13,737.0
2012-03-14,796.0
2012-03-15,774.0
2012-03-16,718.0
2012-03-17,429.0
2012-03-18,390.0
2012-03-19,823.0
2012-03-20,820.0
2012-03-21,840.0
2012-03-22,821.0
2012-03-23,639.0
2012-03-24,419.0
2012-03-25,349.0
2012-03-26,786.0
2012-03-27,716.0
2012-03-28,795.0
2012-03-29,741.0
2012-03-30,749.0
2012-03-31,651.0
2012-04-01,532.0
2012-04-02,402.0
2012-04-03,316.0
2012-04-04,300.0
2012-04-05,744.0
2012-04-06,703.0
2012-04-07,414.0
2012-04-08,375.0
2012-04-09,772.0
2012-04-10,791.0
2012-04-11,781.0
2012-04-12,746.0
2012-04-13,649.0
2012-04-14,410.0
2012-04-15,358.0
2012-04-16,784.0
2012-04-17,779.0
2012-04-18,726.0
2012-04-19,769.0
2012-04-20,721.0
2012-04-21,407.0
2012-04-22,410.0
2012-04-23,749.0
2012-04-24,733.0
2012-04-25,710.0
2012-04-26,728.0
2012-04-27,664.0
2012-04-28,562.0
2012-04-29,239.0
2012-04-30,280.0
2012-05-01,268.0
2012-05-02,625.0
2012-05-03,703.0
2012-05-04,648.0
2012-05-05,379.0
2012-05-06,327.0
2012-05-07,801.0
2012-05-08,809.0
2012-05-09,712.0
2012-05-10,738.0
2012-05-11,675.0
2012-05-12,412.0
2012-05-13,348.0
2012-05-14,759.0
2012-05-15,771.0
2012-05-16,783.0
2012-05-17,689.0
2012-05-18,687.0
2012-05-19,378.0
2012-05-20,342.0
2012-05-21,776.0
2012-05-22,739.0
2012-05-23,747.0
2012-05-24,765.0
2012-05-25,677.0
2012-05-26,429.0
2012-05-27,352.0
2012-05-28,713.0
2012-05-29,730.0
2012-05-30,789.0
2012-05-31,738.0
2012-06-01,644.0
2012-06-02,357.0
2012-06-03,372.0
2012-06-04,764.0
2012-06-05,782.0
2012-06-06,783.0
2012-06-07,715.0
2012-06-08,641.0
2012-06-09,356.0
2012-06-10,314.0
2012-06-11,653.0
2012-06-12,754.0
2012-06-13,700.0
2012-06-14,770.0
2012-06-15,766.0
2012-06-16,376.0
2012-06-17,342.0
2012-06-18,782.0
2012-06-19,779.0
2012-06-20,729.0
2012-06-21,622.0
2012-06-22,340.0
2012-06-23,271.0
2012-06-24,297.0
2012-06-25,691.0
2012-06-26,732.0
2012-06-27,781.0
2012-06-28,749.0
2012-06-29,708.0
2012-06-30,410.0
2012-07-01,386.0
2012-07-02,771.0
2012-07-03,701.0
2012-07-04,665.0
2012-07-05,688.0
2012-07-06,669.0
2012-07-07,401.0
2012-07-08,353.0
2012-07-09,711.0
2012-07-10,735.0
2012-07-11,755.0
2012-07-12,706.0
2012-07-13,668.0
2012-07-14,415.0
2012-07-15,385.0
2012-07-16,677.0
2012-07-17,778.0
2012-07-18,735.0
2012-07-19,701.0
2012-07-20,664.0
2012-07-21,383.0
2012-07-22,358.0
2012-07-23,683.0
2012-07-24,706.0
2012-07-25,751.0
2012-07-26,731.0
2012-07-27,600.0
2012-07-28,363.0
2012-07-29,350.0
2012-07-30,704.0
2012-07-31,751.0
2012-08-01,635.0
2012-08-02,663.0
2012-08-03,667.0
2012-08-04,417.0
2012-08-05,375.0
2012-08-06,723.0
2012-08-07,809.0
2012-08-08,608.0
2012-08-09,697.0
2012-08-10,662.0
2012-08-11,386.0
2012-08-12,338.0
2012-08-13,683.0
2012-08-14,715.0
2012-08-15,749.0
2012-08-16,787.0
2012-08-17,586.0
2012-08-18,362.0
2012-08-19,335.0
2012-08-20,646.0
2012-08-21,659.0
2012-08-22,619.0
2012-08-23,588.0
2012-08-24,645.0
2012-08-25,381.0
2012-08-26,350.0
2012-08-27,640.0
2012-08-28,638.0
2012-08-29,580.0
2012-08-30,701.0
2012-08-31,659.0
2012-09-01,404.0
2012-09-02,346.0
2012-09-03,688.0
2012-09-04,648.0
2012-09-05,713.0
2012-09-06,631.0
2012-09-07,600.0
2012-09-08,340.0
2012-09-09,353.0
2012-09-10,746.0
2012-09-11,618.0
2012-09-12,569.0
2012-09-13,668.0
2012-09-14,610.0
2012-09-15,344.0
2012-09-16,317.0
2012-09-17,626.0
2012-09-18,581.0
2012-09-19,550.0
2012-09-20,583.0
2012-09-21,514.0
2012-09-22,335.0
2012-09-23,285.0
2012-09-24,542.0
2012-09-25,554.0
2012-09-26,585.0
2012-09-27,527.0
2012-09-28,529.0
2012-09-29,355.0
2012-09-30,193.0
2012-10-01,193.0
2012-10-02,229.0
2012-10-03,219.0
2012-10-04,254.0
2012-10-05,268.0
2012-10-06,295.0
2012-10-07,293.0
2012-10-08,630.0
2012-10-09,680.0
2012-10-10,693.0
2012-10-11,687.0
2012-10-12,650.0
2012-10-13,382.0
2012-10-14,327.0
2012-10-15,649.0
2012-10-16,706.0
2012-10-17,700.0
2012-10-18,668.0
2012-10-19,634.0
2012-10-20,374.0
2012-10-21,368.0
2012-10-22,722.0
2012-10-23,690.0
2012-10-24,641.0
2012-10-25,666.0
2012-10-26,592.0
2012-10-27,489.0
2012-10-28,413.0
2012-10-29,896.0
2012-10-30,887.0
2012-10-31,909.0
2012-11-01,778.0
2012-11-02,737.0
2012-11-03,450.0
2012-11-04,391.0
2012-11-05,752.0
2012-11-06,641.0
2012-11-07,658.0
2012-11-08,865.0
2012-11-09,688.0
2012-11-10,422.0
2012-11-11,374.0
2012-11-12,643.0
2012-11-13,625.0
2012-11-14,636.0
2012-11-15,606.0
2012-11-16,578.0
2012-11-17,346.0
2012-11-18,275.0
2012-11-19,636.0
2012-11-20,630.0
2012-11-21,678.0
2012-11-22,699.0
2012-11-23,625.0
2012-11-24,343.0
2012-11-25,315.0
2012-11-26,632.0
2012-11-27,852.0
2012-11-28,623.0
2012-11-29,645.0
2012-11-30,642.0
2012-12-01,343.0
2012-12-02,365.0
2012-12-03,616.0
2012-12-04,814.0
2012-12-05,696.0
2012-12-06,645.0
2012-12-07,567.0
2012-12-08,313.0
2012-12-09,338.0
2012-12-10,637.0
2012-12-11,544.0
2012-12-12,446.0
2012-12-13,587.0
2012-12-14,540.0
2012-12-15,344.0
2012-12-16,326.0
2012-12-17,759.0
2012-12-18,634.0
2012-12-19,641.0
2012-12-20,590.0
2012-12-21,488.0
2012-12-22,298.0
2012-12-23,280.0
2012-12-24,470.0
2012-12-25,583.0
2012-12-26,550.0
2012-12-27,633.0
2012-12-28,567.0
2012-12-29,516.0
2012-12-30,303.0
2012-12-31,376.0
2013-01-01,281.0
2013-01-02,301.0
2013-01-03,361.0
2013-01-04,548.0
2013-01-05,555.0
2013-01-06,601.0
2013-01-07,668.0
2013-01-08,675.0
2013-01-09,738.0
2013-01-10,721.0
2013-01-11,615.0
2013-01-12,410.0
2013-01-13,377.0
2013-01-14,612.0
2013-01-15,613.0
2013-01-16,604.0
2013-01-17,620.0
2013-01-18,596.0
2013-01-19,369.0
2013-01-20,326.0
2013-01-21,617.0
2013-01-22,636.0
2013-01-23,636.0
2013-01-24,583.0
2013-01-25,578.0
2013-01-26,397.0
2013-01-27,326.0
2013-01-28,535.0
2013-01-29,578.0
2013-01-30,605.0
2013-01-31,602.0
2013-02-01,513.0
2013-02-02,378.0
2013-02-03,320.0
2013-02-04,506.0
2013-02-05,496.0
2013-02-06,411.0
2013-02-07,335.0
2013-02-08,219.0
2013-02-09,171.0
2013-02-10,156.0
2013-02-11,199.0
2013-02-12,212.0
2013-02-13,202.0
2013-02-14,228.0
2013-02-15,269.0
2013-02-16,468.0
2013-02-17,585.0
2013-02-18,743.0
2013-02-19,817.0
2013-02-20,900.0
2013-02-21,834.0
2013-02-22,867.0
2013-02-23,573.0
2013-02-24,416.0
2013-02-25,986.0
2013-02-26,1054.0
2013-02-27,1024.0
2013-02-28,1018.0
2013-03-01,891.0
2013-03-02,497.0
2013-03-03,503.0
2013-03-04,1006.0
2013-03-05,997.0
2013-03-06,894.0
2013-03-07,937.0
2013-03-08,810.0
2013-03-09,503.0
2013-03-10,457.0
2013-03-11,966.0
2013-03-12,1038.0
2013-03-13,963.0
2013-03-14,999.0
2013-03-15,875.0
2013-03-16,564.0
2013-03-17,487.0
2013-03-18,994.0
2013-03-19,951.0
2013-03-20,951.0
2013-03-21,995.0
2013-03-22,869.0
2013-03-23,702.0
2013-03-24,631.0
2013-03-25,1181.0
2013-03-26,1190.0
2013-03-27,1243.0
2013-03-28,1189.0
2013-03-29,1115.0
2013-03-30,829.0
2013-03-31,749.0
2013-04-01,1204.0
2013-04-02,1108.0
2013-04-03,909.0
2013-04-04,537.0
2013-04-05,534.0
2013-04-06,508.0
2013-04-07,817.0
2013-04-08,951.0
2013-04-09,841.0
2013-04-10,866.0
2013-04-11,894.0
2013-04-12,830.0
2013-04-13,529.0
2013-04-14,447.0
2013-04-15,882.0
2013-04-16,920.0
2013-04-17,851.0
2013-04-18,755.0
2013-04-19,725.0
2013-04-20,427.0
2013-04-21,388.0
2013-04-22,769.0
2013-04-23,843.0
2013-04-24,793.0
2013-04-25,806.0
2013-04-26,805.0
2013-04-27,641.0
2013-04-28,657.0
2013-04-29,397.0
2013-04-30,364.0
2013-05-01,330.0
2013-05-02,711.0
2013-05-03,741.0
2013-05-04,437.0
2013-05-05,404.0
2013-05-06,855.0
2013-05-07,843.0
2013-05-08,796.0
2013-05-09,788.0
2013-05-10,724.0
2013-05-11,420.0
2013-05-12,360.0
2013-05-13,729.0
2013-05-14,792.0
2013-05-15,811.0
2013-05-16,799.0
2013-05-17,708.0
2013-05-18,443.0
2013-05-19,397.0
2013-05-20,760.0
2013-05-21,857.0
2013-05-22,787.0
2013-05-23,760.0
2013-05-24,797.0
2013-05-25,422.0
2013-05-26,372.0
2013-05-27,749.0
2013-05-28,835.0
2013-05-29,780.0
2013-05-30,827.0
2013-05-31,731.0
2013-06-01,463.0
2013-06-02,408.0
2013-06-03,800.0
2013-06-04,790.0
2013-06-05,850.0
2013-06-06,783.0
2013-06-07,802.0
2013-06-08,638.0
2013-06-09,543.0
2013-06-10,414.0
2013-06-11,350.0
2013-06-12,324.0
2013-06-13,761.0
2013-06-14,711.0
2013-06-15,444.0
2013-06-16,350.0
2013-06-17,887.0
2013-06-18,1036.0
2013-06-19,843.0
2013-06-20,796.0
2013-06-21,707.0
2013-06-22,462.0
2013-06-23,440.0
2013-06-24,1007.0
2013-06-25,953.0
2013-06-26,869.0
2013-06-27,912.0
2013-06-28,835.0
2013-06-29,501.0
2013-06-30,490.0
2013-07-01,938.0
2013-07-02,956.0
2013-07-03,953.0
2013-07-04,977.0
2013-07-05,721.0
2013-07-06,465.0
2013-07-07,448.0
2013-07-08,779.0
2013-07-09,790.0
2013-07-10,993.0
2013-07-11,826.0
2013-07-12,909.0
2013-07-13,571.0
2013-07-14,511.0
2013-07-15,1141.0
2013-07-16,1143.0
2013-07-17,1124.0
2013-07-18,939.0
2013-07-19,796.0
2013-07-20,488.0
2013-07-21,447.0
2013-07-22,926.0
2013-07-23,928.0
2013-07-24,909.0
2013-07-25,867.0
2013-07-26,807.0
2013-07-27,476.0
2013-07-28,421.0
2013-07-29,860.0
2013-07-30,772.0
2013-07-31,750.0
2013-08-01,779.0
2013-08-02,845.0
2013-08-03,557.0
2013-08-04,469.0
2013-08-05,869.0
2013-08-06,739.0
2013-08-07,782.0
2013-08-08,751.0
2013-08-09,737.0
2013-08-10,504.0
2013-08-11,424.0
2013-08-12,774.0
2013-08-13,699.0
2013-08-14,913.0
2013-08-15,861.0
2013-08-16,747.0
2013-08-17,550.0
2013-08-18,459.0
2013-08-19,789.0
2013-08-20,806.0
2013-08-21,779.0
2013-08-22,1008.0
2013-08-23,744.0
2013-08-24,446.0
2013-08-25,411.0
2013-08-26,699.0
2013-08-27,713.0
2013-08-28,875.0
2013-08-29,991.0
2013-08-30,821.0
2013-08-31,514.0
2013-09-01,451.0
2013-09-02,808.0
2013-09-03,928.0
2013-09-04,1050.0
2013-09-05,934.0
2013-09-06,893.0
2013-09-07,436.0
2013-09-08,369.0
2013-09-09,705.0
2013-09-10,773.0
2013-09-11,765.0
2013-09-12,934.0
2013-09-13,863.0
2013-09-14,456.0
2013-09-15,422.0
2013-09-16,854.0
2013-09-17,815.0
2013-09-18,687.0
2013-09-19,389.0
2013-09-20,398.0
2013-09-21,522.0
2013-09-22,751.0
2013-09-23,750.0
2013-09-24,738.0
2013-09-25,669.0
2013-09-26,723.0
2013-09-27,679.0
2013-09-28,480.0
2013-09-29,546.0
2013-09-30,446.0
2013-10-01,281.0
2013-10-02,250.0
2013-10-03,267.0
2013-10-04,290.0
2013-10-05,327.0
2013-10-06,323.0
2013-10-07,377.0
2013-10-08,736.0
2013-10-09,811.0
2013-10-10,810.0
2013-10-11,815.0
2013-10-12,639.0
2013-10-13,426.0
2013-10-14,773.0
2013-10-15,809.0
2013-10-16,792.0
2013-10-17,710.0
2013-10-18,695.0
2013-10-19,446.0
2013-10-20,418.0
2013-10-21,747.0
2013-10-22,720.0
2013-10-23,687.0
2013-10-24,670.0
2013-10-25,651.0
2013-10-26,361.0
2013-10-27,383.0
2013-10-28,747.0
2013-10-29,694.0
2013-10-30,710.0
2013-10-31,707.0
2013-11-01,656.0
2013-11-02,422.0
2013-11-03,352.0
2013-11-04,714.0
2013-11-05,736.0
2013-11-06,675.0
2013-11-07,728.0
2013-11-08,608.0
2013-11-09,371.0
2013-11-10,385.0
2013-11-11,601.0
2013-11-12,570.0
2013-11-13,723.0
2013-11-14,678.0
2013-11-15,561.0
2013-11-16,375.0
2013-11-17,349.0
2013-11-18,619.0
2013-11-19,623.0
2013-11-20,644.0
2013-11-21,634.0
2013-11-22,559.0
2013-11-23,409.0
2013-11-24,356.0
2013-11-25,613.0
2013-11-26,606.0
2013-11-27,636.0
2013-11-28,662.0
2013-11-29,589.0
2013-11-30,388.0
2013-12-01,399.0
2013-12-02,650.0
2013-12-03,684.0
2013-12-04,639.0
2013-12-05,762.0
2013-12-06,658.0
2013-12-07,559.0
2013-12-08,581.0
2013-12-09,947.0
2013-12-10,990.0
2013-12-11,1216.0
2013-12-12,1063.0
2013-12-13,858.0
2013-12-14,551.0
2013-12-15,588.0
2013-12-16,1041.0
2013-12-17,1072.0
2013-12-18,1011.0
2013-12-19,1022.0
2013-12-20,952.0
2013-12-21,561.0
2013-12-22,548.0
2013-12-23,966.0
2013-12-24,952.0
2013-12-25,964.0
2013-12-26,1289.0
2013-12-27,931.0
2013-12-28,641.0
2013-12-29,610.0
2013-12-30,998.0
2013-12-31,945.0
2014-01-01,564.0
2014-01-02,1150.0
2014-01-03,1060.0
2014-01-04,747.0
2014-01-05,673.0
2014-01-06,1099.0
2014-01-07,1111.0
2014-01-08,1072.0
2014-01-09,633.0
2014-01-10,487.0
2014-01-11,548.0
2014-01-12,545.0
2014-01-13,952.0
2014-01-14,908.0
2014-01-15,963.0
2014-01-16,941.0
2014-01-17,863.0
2014-01-18,547.0
2014-01-19,473.0
2014-01-20,838.0
2014-01-21,811.0
2014-01-22,777.0
2014-01-23,798.0
2014-01-24,676.0
2014-01-25,539.0
2014-01-26,591.0
2014-01-27,648.0
2014-01-28,530.0
2014-01-29,416.0
2014-01-30,290.0
2014-01-31,267.0
2014-02-01,290.0
2014-02-02,316.0
2014-02-03,330.0
2014-02-04,387.0
2014-02-05,430.0
2014-02-06,556.0
2014-02-07,951.0
2014-02-08,944.0
2014-02-09,863.0
2014-02-10,1293.0
2014-02-11,1328.0
2014-02-12,1366.0
2014-02-13,1297.0
2014-02-14,1035.0
2014-02-15,856.0
2014-02-16,919.0
2014-02-17,1395.0
2014-02-18,1392.0
2014-02-19,1429.0
2014-02-20,1381.0
2014-02-21,1356.0
2014-02-22,861.0
2014-02-23,772.0
2014-02-24,1456.0
2014-02-25,1469.0
2014-02-26,1293.0
2014-02-27,1228.0
2014-02-28,1174.0
2014-03-01,716.0
2014-03-02,520.0
2014-03-03,1172.0
2014-03-04,1074.0
2014-03-05,1055.0
2014-03-06,1012.0
2014-03-07,941.0
2014-03-08,524.0
2014-03-09,483.0
2014-03-10,948.0
2014-03-11,1004.0
2014-03-12,1012.0
2014-03-13,1058.0
2014-03-14,902.0
2014-03-15,536.0
2014-03-16,442.0
2014-03-17,671.0
2014-03-18,998.0
2014-03-19,1040.0
2014-03-20,964.0
2014-03-21,910.0
2014-03-22,543.0
2014-03-23,495.0
2014-03-24,903.0
2014-03-25,962.0
2014-03-26,886.0
2014-03-27,949.0
2014-03-28,915.0
2014-03-29,620.0
2014-03-30,527.0
2014-03-31,1028.0
2014-04-01,966.0
2014-04-02,874.0
2014-04-03,872.0
2014-04-04,765.0
2014-04-05,416.0
2014-04-06,456.0
2014-04-07,540.0
2014-04-08,911.0
2014-04-09,884.0
2014-04-10,989.0
2014-04-11,912.0
2014-04-12,536.0
2014-04-13,503.0
2014-04-14,1030.0
2014-04-15,1038.0
2014-04-16,1004.0
2014-04-17,950.0
2014-04-18,902.0
2014-04-19,533.0
2014-04-20,528.0
2014-04-21,981.0
2014-04-22,959.0
2014-04-23,993.0
2014-04-24,917.0
2014-04-25,624.0
2014-04-26,553.0
2014-04-27,357.0
2014-04-28,978.0
2014-04-29,879.0
2014-04-30,786.0
2014-05-01,369.0
2014-05-02,373.0
2014-05-03,454.0
2014-05-04,840.0
2014-05-05,1009.0
2014-05-06,837.0
2014-05-07,870.0
2014-05-08,864.0
2014-05-09,802.0
2014-05-10,531.0
2014-05-11,491.0
2014-05-12,955.0
2014-05-13,968.0
2014-05-14,893.0
2014-05-15,987.0
2014-05-16,640.0
2014-05-17,488.0
2014-05-18,521.0
2014-05-19,952.0
2014-05-20,897.0
2014-05-21,996.0
2014-05-22,971.0
2014-05-23,814.0
2014-05-24,465.0
2014-05-25,446.0
2014-05-26,873.0
2014-05-27,929.0
2014-05-28,979.0
2014-05-29,837.0
2014-05-30,794.0
2014-05-31,446.0
2014-06-01,362.0
2014-06-02,397.0
2014-06-03,973.0
2014-06-04,950.0
2014-06-05,1003.0
2014-06-06,847.0
2014-06-07,492.0
2014-06-08,475.0
2014-06-09,1018.0
2014-06-10,1007.0
2014-06-11,1054.0
2014-06-12,916.0
2014-06-13,885.0
2014-06-14,502.0
2014-06-15,478.0
2014-06-16,736.0
2014-06-17,875.0
2014-06-18,940.0
2014-06-19,925.0
2014-06-20,883.0
2014-06-21,495.0
2014-06-22,479.0
2014-06-23,985.0
2014-06-24,856.0
2014-06-25,908.0
2014-06-26,945.0
2014-06-27,800.0
2014-06-28,528.0
2014-06-29,525.0
2014-06-30,1080.0
2014-07-01,1132.0
2014-07-02,983.0
2014-07-03,1016.0
2014-07-04,588.0
2014-07-05,341.0
2014-07-06,367.0
2014-07-07,907.0
2014-07-08,920.0
2014-07-09,869.0
2014-07-10,884.0
2014-07-11,842.0
2014-07-12,528.0
2014-07-13,503.0
2014-07-14,906.0
2014-07-15,1031.0
2014-07-16,964.0
2014-07-17,896.0
2014-07-18,774.0
2014-07-19,483.0
2014-07-20,418.0
2014-07-21,804.0
2014-07-22,887.0
2014-07-23,873.0
2014-07-24,869.0
2014-07-25,828.0
2014-07-26,560.0
2014-07-27,478.0
2014-07-28,932.0
2014-07-29,933.0
2014-07-30,899.0
2014-07-31,969.0
2014-08-01,911.0
2014-08-02,496.0
2014-08-03,518.0
2014-08-04,914.0
2014-08-05,1005.0
2014-08-06,944.0
2014-08-07,939.0
2014-08-08,904.0
2014-08-09,552.0
2014-08-10,505.0
2014-08-11,1002.0
2014-08-12,1000.0
2014-08-13,944.0
2014-08-14,966.0
2014-08-15,928.0
2014-08-16,568.0
2014-08-17,524.0
2014-08-18,1046.0
2014-08-19,976.0
2014-08-20,1011.0
2014-08-21,973.0
2014-08-22,924.0
2014-08-23,557.0
2014-08-24,506.0
2014-08-25,982.0
2014-08-26,1058.0
2014-08-27,986.0
2014-08-28,967.0
2014-08-29,963.0
2014-08-30,561.0
2014-08-31,545.0
2014-09-01,1057.0
2014-09-02,922.0
2014-09-03,912.0
2014-09-04,994.0
2014-09-05,766.0
2014-09-06,482.0
2014-09-07,450.0
2014-09-08,432.0
2014-09-09,910.0
2014-09-10,981.0
2014-09-11,1032.0
2014-09-12,950.0
2014-09-13,667.0
2014-09-14,561.0
2014-09-15,1075.0
2014-09-16,1070.0
2014-09-17,1038.0
2014-09-18,998.0
2014-09-19,994.0
2014-09-20,570.0
2014-09-21,542.0
2014-09-22,1018.0
2014-09-23,1122.0
2014-09-24,962.0
2014-09-25,1081.0
2014-09-26,979.0
2014-09-27,610.0
2014-09-28,827.0
2014-09-29,876.0
2014-09-30,744.0
2014-10-01,400.0
2014-10-02,345.0
2014-10-03,354.0
2014-10-04,362.0
2014-10-05,408.0
2014-10-06,511.0
2014-10-07,589.0
2014-10-08,1078.0
2014-10-09,1153.0
2014-10-10,1142.0
2014-10-11,925.0
2014-10-12,688.0
2014-10-13,1143.0
2014-10-14,1170.0
2014-10-15,1212.0
2014-10-16,1093.0
2014-10-17,1054.0
2014-10-18,606.0
2014-10-19,601.0
2014-10-20,1023.0
2014-10-21,1070.0
2014-10-22,994.0
2014-10-23,598.0
2014-10-24,780.0
2014-10-25,616.0
2014-10-26,520.0
2014-10-27,1029.0
2014-10-28,936.0
2014-10-29,870.0
2014-10-30,978.0
2014-10-31,956.0
2014-11-01,613.0
2014-11-02,609.0
2014-11-03,941.0
2014-11-04,1007.0
2014-11-05,924.0
2014-11-06,874.0
2014-11-07,823.0
2014-11-08,541.0
2014-11-09,524.0
2014-11-10,842.0
2014-11-11,809.0
2014-11-12,838.0
2014-11-13,898.0
2014-11-14,774.0
2014-11-15,528.0
2014-11-16,522.0
2014-11-17,955.0
2014-11-18,936.0
2014-11-19,982.0
2014-11-20,932.0
2014-11-21,842.0
2014-11-22,323.0
2014-11-23,338.0
2014-11-24,683.0
2014-11-25,952.0
2014-11-26,543.0
2014-11-27,505.0
2014-11-28,767.0
2014-11-29,440.0
2014-11-30,394.0
2014-12-01,715.0
2014-12-02,744.0
2014-12-03,743.0
2014-12-04,687.0
2014-12-05,714.0
2014-12-06,414.0
2014-12-07,436.0
2014-12-08,717.0
2014-12-09,706.0
2014-12-10,759.0
2014-12-11,813.0
2014-12-12,707.0
2014-12-13,444.0
2014-12-14,444.0
2014-12-15,862.0
2014-12-16,900.0
2014-12-17,995.0
2014-12-18,943.0
2014-12-19,926.0
2014-12-20,563.0
2014-12-21,543.0
2014-12-22,904.0
2014-12-23,976.0
2014-12-24,773.0
2014-12-25,866.0
2014-12-26,1011.0
2014-12-27,622.0
2014-12-28,603.0
2014-12-29,1024.0
2014-12-30,1103.0
2014-12-31,988.0
2015-01-01,516.0
2015-01-02,510.0
2015-01-03,605.0
2015-01-04,1210.0
2015-01-05,1408.0
2015-01-06,1247.0
2015-01-07,1325.0
2015-01-08,1357.0
2015-01-09,1154.0
2015-01-10,797.0
2015-01-11,666.0
2015-01-12,1236.0
2015-01-13,1177.0
2015-01-14,1256.0
2015-01-15,1397.0
2015-01-16,1215.0
2015-01-17,726.0
2015-01-18,622.0
2015-01-19,1242.0
2015-01-20,1275.0
2015-01-21,1245.0
2015-01-22,1068.0
2015-01-23,1051.0
2015-01-24,708.0
2015-01-25,662.0
2015-01-26,1181.0
2015-01-27,1161.0
2015-01-28,1068.0
2015-01-29,1235.0
2015-01-30,1258.0
2015-01-31,765.0
2015-02-01,724.0
2015-02-02,1183.0
2015-02-03,1185.0
2015-02-04,1109.0
2015-02-05,1065.0
2015-02-06,1001.0
2015-02-07,668.0
2015-02-08,558.0
2015-02-09,1048.0
2015-02-10,1014.0
2015-02-11,934.0
2015-02-12,905.0
2015-02-13,800.0
2015-02-14,555.0
2015-02-15,571.0
2015-02-16,594.0
2015-02-17,392.0
2015-02-18,239.0
2015-02-19,256.0
2015-02-20,299.0
2015-02-21,319.0
2015-02-22,351.0
2015-02-23,382.0
2015-02-24,454.0
2015-02-25,942.0
2015-02-26,1396.0
2015-02-27,1444.0
2015-02-28,1539.0
2015-03-01,1012.0
2015-03-02,1742.0
2015-03-03,1584.0
2015-03-04,1689.0
2015-03-05,1568.0
2015-03-06,1427.0
2015-03-07,1119.0
2015-03-08,825.0
2015-03-09,1548.0
2015-03-10,1648.0
2015-03-11,1578.0
2015-03-12,1546.0
2015-03-13,1486.0
2015-03-14,1027.0
2015-03-15,853.0
2015-03-16,1535.0
2015-03-17,1497.0
2015-03-18,1499.0
2015-03-19,1531.0
2015-03-20,1444.0
2015-03-21,827.0
2015-03-22,782.0
2015-03-23,1402.0
2015-03-24,1449.0
2015-03-25,1451.0
2015-03-26,1410.0
2015-03-27,1323.0
2015-03-28,854.0
2015-03-29,632.0
2015-03-30,1477.0
2015-03-31,1531.0
2015-04-01,1441.0
2015-04-02,1378.0
2015-04-03,1226.0
2015-04-04,590.0
2015-04-05,563.0
2015-04-06,656.0
2015-04-07,1413.0
2015-04-08,1427.0
2015-04-09,1445.0
2015-04-10,1270.0
2015-04-11,785.0
2015-04-12,744.0
2015-04-13,1361.0
2015-04-14,1457.0
2015-04-15,1393.0
2015-04-16,1351.0
2015-04-17,1200.0
2015-04-18,708.0
2015-04-19,721.0
2015-04-20,1342.0
2015-04-21,1385.0
2015-04-22,1229.0
2015-04-23,1217.0
2015-04-24,1197.0
2015-04-25,774.0
2015-04-26,806.0
2015-04-27,1317.0
2015-04-28,1303.0
2015-04-29,1233.0
2015-04-30,1077.0
2015-05-01,561.0
2015-05-02,573.0
2015-05-03,618.0
2015-05-04,1293.0
2015-05-05,1291.0
2015-05-06,1244.0
2015-05-07,1308.0
2015-05-08,1212.0
2015-05-09,685.0
2015-05-10,660.0
2015-05-11,1174.0
2015-05-12,1253.0
2015-05-13,1159.0
2015-05-14,1155.0
2015-05-15,1179.0
2015-05-16,684.0
2015-05-17,603.0
2015-05-18,1423.0
2015-05-19,1246.0
2015-05-20,1189.0
2015-05-21,1142.0
2015-05-22,1040.0
2015-05-23,571.0
2015-05-24,559.0
2015-05-25,1189.0
2015-05-26,1122.0
2015-05-27,1076.0
2015-05-28,1083.0
2015-05-29,1069.0
2015-05-30,642.0
2015-05-31,546.0
2015-06-01,1012.0
2015-06-02,1096.0
2015-06-03,1116.0
2015-06-04,1097.0
2015-06-05,966.0
2015-06-06,595.0
2015-06-07,550.0
2015-06-08,1191.0
2015-06-09,1155.0
2015-06-10,1094.0
2015-06-11,1112.0
2015-06-12,1003.0
2015-06-13,603.0
2015-06-14,764.0
2015-06-15,1202.0
2015-06-16,1081.0
2015-06-17,1010.0
2015-06-18,1001.0
2015-06-19,873.0
2015-06-20,473.0
2015-06-21,425.0
2015-06-22,565.0
2015-06-23,1010.0
2015-06-24,1119.0
2015-06-25,1163.0
2015-06-26,984.0
2015-06-27,678.0
2015-06-28,615.0
2015-06-29,1152.0
2015-06-30,1266.0
2015-07-01,1331.0
2015-07-02,1287.0
2015-07-03,1206.0
2015-07-04,729.0
2015-07-05,617.0
2015-07-06,1130.0
2015-07-07,1150.0
2015-07-08,1172.0
2015-07-09,1152.0
2015-07-10,1075.0
2015-07-11,621.0
2015-07-12,528.0
2015-07-13,1187.0
2015-07-14,1113.0
2015-07-15,1252.0
2015-07-16,1251.0
2015-07-17,980.0
2015-07-18,606.0
2015-07-19,552.0
2015-07-20,1145.0
2015-07-21,1131.0
2015-07-22,1103.0
2015-07-23,1130.0
2015-07-24,1096.0
2015-07-25,580.0
2015-07-26,577.0
2015-07-27,1065.0
2015-07-28,1144.0
2015-07-29,1048.0
2015-07-30,1117.0
2015-07-31,1113.0
2015-08-01,690.0
2015-08-02,604.0
2015-08-03,1133.0
2015-08-04,1181.0
2015-08-05,1166.0
2015-08-06,1208.0
2015-08-07,1004.0
2015-08-08,616.0
2015-08-09,520.0
2015-08-10,1067.0
2015-08-11,1125.0
2015-08-12,1154.0
2015-08-13,1109.0
2015-08-14,1019.0
2015-08-15,654.0
2015-08-16,543.0
2015-08-17,1110.0
2015-08-18,1176.0
2015-08-19,1146.0
2015-08-20,999.0
2015-08-21,921.0
2015-08-22,674.0
2015-08-23,595.0
2015-08-24,1106.0
2015-08-25,1155.0
2015-08-26,1149.0
2015-08-27,1126.0
2015-08-28,1029.0
2015-08-29,641.0
2015-08-30,647.0
2015-08-31,1175.0
2015-09-01,1073.0
2015-09-02,972.0
2015-09-03,476.0
2015-09-04,536.0
2015-09-05,512.0
2015-09-06,946.0
2015-09-07,1190.0
2015-09-08,1194.0
2015-09-09,1148.0
2015-09-10,1104.0
2015-09-11,1077.0
2015-09-12,571.0
2015-09-13,545.0
2015-09-14,1103.0
2015-09-15,1065.0
2015-09-16,1092.0
2015-09-17,1037.0
2015-09-18,907.0
2015-09-19,525.0
2015-09-20,556.0
2015-09-21,987.0
2015-09-22,1055.0
2015-09-23,950.0
2015-09-24,918.0
2015-09-25,819.0
2015-09-26,500.0
2015-09-27,425.0
2015-09-28,912.0
2015-09-29,900.0
2015-09-30,766.0
2015-10-01,387.0
2015-10-02,338.0
2015-10-03,328.0
2015-10-04,402.0
2015-10-05,431.0
2015-10-06,489.0
2015-10-07,626.0
2015-10-08,1097.0
2015-10-09,1085.0
2015-10-10,947.0
2015-10-11,588.0
2015-10-12,1157.0
2015-10-13,1168.0
2015-10-14,1123.0
2015-10-15,1175.0
2015-10-16,1126.0
2015-10-17,594.0
2015-10-18,598.0
2015-10-19,1184.0
2015-10-20,1132.0
2015-10-21,1189.0
2015-10-22,1161.0
2015-10-23,1076.0
2015-10-24,656.0
2015-10-25,530.0
2015-10-26,1067.0
2015-10-27,1168.0
2015-10-28,1132.0
2015-10-29,1116.0
2015-10-30,1004.0
2015-10-31,591.0
2015-11-01,525.0
2015-11-02,1042.0
2015-11-03,1081.0
2015-11-04,1140.0
2015-11-05,1125.0
2015-11-06,941.0
2015-11-07,576.0
2015-11-08,529.0
2015-11-09,1053.0
2015-11-10,990.0
2015-11-11,884.0
2015-11-12,986.0
2015-11-13,987.0
2015-11-14,571.0
2015-11-15,558.0
2015-11-16,1068.0
2015-11-17,1117.0
2015-11-18,1117.0
2015-11-19,1143.0
2015-11-20,1010.0
2015-11-21,592.0
2015-11-22,574.0
2015-11-23,1007.0
2015-11-24,1044.0
2015-11-25,1104.0
2015-11-26,1023.0
2015-11-27,1013.0
2015-11-28,601.0
2015-11-29,564.0
2015-11-30,1133.0
2015-12-01,1127.0
2015-12-02,1077.0
2015-12-03,1054.0
2015-12-04,1097.0
2015-12-05,608.0
2015-12-06,595.0
2015-12-07,1066.0
2015-12-08,1097.0
2015-12-09,1116.0
2015-12-10,1186.0
2015-12-11,1104.0
2015-12-12,559.0
2015-12-13,587.0
2015-12-14,1193.0
2015-12-15,1289.0
2015-12-16,1269.0
2015-12-17,1134.0
2015-12-18,992.0
2015-12-19,593.0
2015-12-20,641.0
2015-12-21,1151.0
2015-12-22,1332.0
2015-12-23,1280.0
2015-12-24,1270.0
2015-12-25,1086.0
2015-12-26,695.0
2015-12-27,665.0
2015-12-28,1233.0
2015-12-29,1285.0
2015-12-30,1236.0
2015-12-31,1004.0
2016-01-01,509.0
2016-01-02,573.0
2016-01-03,614.0
2016-01-04,1350.0
2016-01-05,1416.0
2016-01-06,1364.0
2016-01-07,1312.0
2016-01-08,1335.0
2016-01-09,774.0
2016-01-10,652.0
2016-01-11,1224.0
2016-01-12,1306.0
2016-01-13,1267.0
2016-01-14,1213.0
2016-01-15,1278.0
2016-01-16,671.0
2016-01-17,626.0
2016-01-18,1234.0
2016-01-19,1117.0
2016-01-20,1140.0
2016-01-21,1094.0
2016-01-22,1018.0
2016-01-23,529.0
2016-01-24,522.0
2016-01-25,1049.0
2016-01-26,1039.0
2016-01-27,1125.0
2016-01-28,1157.0
2016-01-29,1048.0
2016-01-30,674.0
2016-01-31,600.0
2016-02-01,931.0
2016-02-02,870.0
2016-02-03,855.0
2016-02-04,739.0
2016-02-05,552.0
2016-02-06,395.0
2016-02-07,254.0
2016-02-08,259.0
2016-02-09,293.0
2016-02-10,292.0
2016-02-11,346.0
2016-02-12,359.0
2016-02-13,492.0
2016-02-14,723.0
2016-02-15,1141.0
2016-02-16,1325.0
2016-02-17,1405.0
2016-02-18,1454.0
2016-02-19,1425.0
2016-02-20,1049.0
2016-02-21,934.0
2016-02-22,1463.0
2016-02-23,1524.0
2016-02-24,1648.0
2016-02-25,1595.0
2016-02-26,1508.0
2016-02-27,1061.0
2016-02-28,1039.0
2016-02-29,1712.0
2016-03-01,1669.0
2016-03-02,1535.0
2016-03-03,1520.0
2016-03-04,1423.0
2016-03-05,1029.0
2016-03-06,994.0
2016-03-07,1494.0
2016-03-08,1354.0
2016-03-09,1459.0
2016-03-10,1442.0
2016-03-11,1452.0
2016-03-12,1084.0
2016-03-13,826.0
2016-03-14,1582.0
2016-03-15,1500.0
2016-03-16,1553.0
2016-03-17,1489.0
2016-03-18,1395.0
2016-03-19,934.0
2016-03-20,871.0
2016-03-21,1583.0
2016-03-22,1649.0
2016-03-23,1552.0
2016-03-24,1491.0
2016-03-25,1362.0
2016-03-26,929.0
2016-03-27,824.0
2016-03-28,1476.0
2016-03-29,1466.0
2016-03-30,1406.0
2016-03-31,1526.0
2016-04-01,1300.0
2016-04-02,839.0
2016-04-03,728.0
2016-04-04,746.0
2016-04-05,1400.0
2016-04-06,1435.0
2016-04-07,1415.0
2016-04-08,1393.0
2016-04-09,942.0
2016-04-10,804.0
2016-04-11,1446.0
2016-04-12,1444.0
2016-04-13,1464.0
2016-04-14,1383.0
2016-04-15,1379.0
2016-04-16,849.0
2016-04-17,572.0
2016-04-18,1429.0
2016-04-19,1305.0
2016-04-20,1402.0
2016-04-21,1374.0
2016-04-22,1241.0
2016-04-23,810.0
2016-04-24,783.0
2016-04-25,1405.0
2016-04-26,1445.0
2016-04-27,1389.0
2016-04-28,1339.0
2016-04-29,1237.0
2016-04-30,726.0
2016-05-01,569.0
2016-05-02,679.0
2016-05-03,1339.0
2016-05-04,1328.0
2016-05-05,1342.0
2016-05-06,1307.0
2016-05-07,796.0
2016-05-08,761.0
2016-05-09,1377.0
2016-05-10,1414.0
2016-05-11,1371.0
2016-05-12,1333.0
2016-05-13,1364.0
2016-05-14,948.0
2016-05-15,935.0
2016-05-16,1458.0
2016-05-17,1356.0
2016-05-18,1323.0
2016-05-19,1381.0
2016-05-20,1306.0
2016-05-21,841.0
2016-05-22,753.0
2016-05-23,1337.0
2016-05-24,1403.0
2016-05-25,1370.0
2016-05-26,1388.0
2016-05-27,1331.0
2016-05-28,864.0
2016-05-29,761.0
2016-05-30,1437.0
2016-05-31,1468.0
2016-06-01,1318.0
2016-06-02,1386.0
2016-06-03,1299.0
2016-06-04,758.0
2016-06-05,792.0
2016-06-06,1370.0
2016-06-07,1278.0
2016-06-08,1233.0
2016-06-09,616.0
2016-06-10,627.0
2016-06-11,634.0
2016-06-12,1283.0
2016-06-13,1359.0
2016-06-14,1412.0
2016-06-15,1429.0
2016-06-16,1414.0
2016-06-17,1350.0
2016-06-18,853.0
2016-06-19,1015.0
2016-06-20,1411.0
2016-06-21,1424.0
2016-06-22,1326.0
2016-06-23,1350.0
2016-06-24,1263.0
2016-06-25,873.0
2016-06-26,769.0
2016-06-27,1410.0
2016-06-28,1393.0
2016-06-29,1422.0
2016-06-30,1455.0
2016-07-01,1415.0
2016-07-02,892.0
2016-07-03,895.0
2016-07-04,1398.0
2016-07-05,1408.0
2016-07-06,1388.0
2016-07-07,1367.0
2016-07-08,1257.0
2016-07-09,840.0
2016-07-10,801.0
2016-07-11,1356.0
2016-07-12,1357.0
2016-07-13,1397.0
2016-07-14,1343.0
2016-07-15,1348.0
2016-07-16,846.0
2016-07-17,792.0
2016-07-18,1385.0
2016-07-19,1336.0
2016-07-20,1330.0
2016-07-21,1334.0
2016-07-22,1334.0
2016-07-23,868.0
2016-07-24,701.0
2016-07-25,1355.0
2016-07-26,1396.0
2016-07-27,1315.0
2016-07-28,1353.0
2016-07-29,1309.0
2016-07-30,880.0
2016-07-31,837.0
2016-08-01,1350.0
2016-08-02,1360.0
2016-08-03,1411.0
2016-08-04,1405.0
2016-08-05,1352.0
2016-08-06,867.0
2016-08-07,778.0
2016-08-08,1382.0
2016-08-09,1281.0
2016-08-10,1332.0
2016-08-11,1368.0
2016-08-12,1283.0
2016-08-13,913.0
2016-08-14,722.0
2016-08-15,1365.0
2016-08-16,1372.0
2016-08-17,1372.0
2016-08-18,1379.0
2016-08-19,1297.0
2016-08-20,849.0
2016-08-21,719.0
2016-08-22,1377.0
2016-08-23,1411.0
2016-08-24,1363.0
2016-08-25,1396.0
2016-08-26,1336.0
2016-08-27,838.0
2016-08-28,838.0
2016-08-29,1306.0
2016-08-30,1413.0
2016-08-31,1394.0
2016-09-01,1360.0
2016-09-02,1297.0
2016-09-03,803.0
2016-09-04,786.0
2016-09-05,1347.0
2016-09-06,1377.0
2016-09-07,1340.0
2016-09-08,1313.0
2016-09-09,1258.0
2016-09-10,918.0
2016-09-11,806.0
2016-09-12,1355.0
2016-09-13,1317.0
2016-09-14,1232.0
2016-09-15,622.0
2016-09-16,639.0
2016-09-17,797.0
2016-09-18,1298.0
2016-09-19,1395.0
2016-09-20,1354.0
2016-09-21,1367.0
2016-09-22,1391.0
2016-09-23,1343.0
2016-09-24,943.0
2016-09-25,836.0
2016-09-26,1336.0
2016-09-27,1356.0
2016-09-28,1293.0
2016-09-29,1276.0
2016-09-30,1170.0
2016-10-01,605.0
2016-10-02,501.0
2016-10-03,530.0
2016-10-04,572.0
2016-10-05,725.0
2016-10-06,759.0
2016-10-07,885.0
2016-10-08,1369.0
2016-10-09,1336.0
2016-10-10,1390.0
2016-10-11,1379.0
2016-10-12,1381.0
2016-10-13,1346.0
2016-10-14,1317.0
2016-10-15,918.0
2016-10-16,868.0
2016-10-17,1387.0
2016-10-18,1405.0
2016-10-19,1369.0
2016-10-20,1298.0
2016-10-21,1288.0
2016-10-22,873.0
2016-10-23,842.0
2016-10-24,1326.0
2016-10-25,1380.0
2016-10-26,1309.0
2016-10-27,1306.0
2016-10-28,1321.0
2016-10-29,820.0
2016-10-30,714.0
2016-10-31,1308.0
2016-11-01,1323.0
2016-11-02,1294.0
2016-11-03,1258.0
2016-11-04,1191.0
2016-11-05,806.0
2016-11-06,768.0
2016-11-07,1313.0
2016-11-08,1357.0
2016-11-09,1218.0
2016-11-10,1203.0
2016-11-11,1102.0
2016-11-12,723.0
2016-11-13,793.0
2016-11-14,1278.0
2016-11-15,1294.0
2016-11-16,1255.0
2016-11-17,1297.0
2016-11-18,1194.0
2016-11-19,770.0
2016-11-20,699.0
2016-11-21,1207.0
2016-11-22,1289.0
2016-11-23,1213.0
2016-11-24,1227.0
2016-11-25,1237.0
2016-11-26,756.0
2016-11-27,668.0
2016-11-28,1255.0
2016-11-29,1319.0
2016-11-30,1327.0
2016-12-01,1305.0
2016-12-02,1213.0
2016-12-03,906.0
2016-12-04,832.0
2016-12-05,1325.0
2016-12-06,1366.0
2016-12-07,1290.0
2016-12-08,1354.0
2016-12-09,1290.0
2016-12-10,1111.0
2016-12-11,966.0
2016-12-12,1307.0
2016-12-13,1285.0
2016-12-14,1298.0
2016-12-15,1280.0
2016-12-16,1191.0
2016-12-17,877.0
2016-12-18,806.0
2016-12-19,1264.0
2016-12-20,1355.0
2016-12-21,1278.0
2016-12-22,1355.0
2016-12-23,1165.0
2016-12-24,828.0
2016-12-25,739.0
2016-12-26,1314.0
2016-12-27,1276.0
2016-12-28,1276.0
2016-12-29,1326.0
2016-12-30,1259.0
2016-12-31,772.0
2017-01-01,643.0
2017-01-02,775.0
2017-01-03,1283.0
2017-01-04,1311.0
2017-01-05,1303.0
2017-01-06,1277.0
2017-01-07,875.0
2017-01-08,834.0
2017-01-09,1265.0
2017-01-10,1300.0
2017-01-11,1320.0
2017-01-12,1300.0
2017-01-13,1185.0
2017-01-14,767.0
2017-01-15,708.0
2017-01-16,1200.0
2017-01-17,1182.0
2017-01-18,1196.0
2017-01-19,1165.0
2017-01-20,1119.0
2017-01-21,659.0
2017-01-22,836.0
2017-01-23,946.0
2017-01-24,854.0
2017-01-25,766.0
2017-01-26,512.0
2017-01-27,308.0
2017-01-28,305.0
2017-01-29,367.0
2017-01-30,435.0
2017-01-31,421.0
2017-02-01,557.0
2017-02-02,594.0
2017-02-03,1139.0
2017-02-04,1208.0
2017-02-05,1110.0
2017-02-06,1540.0
2017-02-07,1616.0
2017-02-08,1653.0
2017-02-09,1541.0
2017-02-10,1492.0
2017-02-11,1065.0
2017-02-12,1039.0
2017-02-13,1718.0
2017-02-14,1558.0
2017-02-15,1711.0
2017-02-16,1767.0
2017-02-17,1577.0
2017-02-18,1103.0
2017-02-19,1044.0
2017-02-20,1750.0
2017-02-21,1660.0
2017-02-22,1598.0
2017-02-23,1692.0
2017-02-24,1522.0
2017-02-25,1205.0
2017-02-26,1064.0
2017-02-27,1636.0
2017-02-28,1824.0
2017-03-01,1759.0
2017-03-02,1730.0
2017-03-03,1516.0
2017-03-04,1049.0
2017-03-05,1087.0
2017-03-06,1691.0
2017-03-07,1621.0
2017-03-08,1355.0
2017-03-09,1547.0
2017-03-10,1432.0
2017-03-11,1064.0
2017-03-12,1014.0
2017-03-13,1510.0
2017-03-14,1595.0
2017-03-15,1662.0
2017-03-16,1561.0
2017-03-17,1420.0
2017-03-18,1041.0
2017-03-19,1002.0
2017-03-20,1463.0
2017-03-21,1489.0
2017-03-22,1480.0
2017-03-23,1431.0
2017-03-24,1345.0
2017-03-25,1043.0
2017-03-26,992.0
2017-03-27,1393.0
2017-03-28,1401.0
2017-03-29,1450.0
2017-03-30,1454.0
2017-03-31,1527.0
2017-04-01,1293.0
2017-04-02,870.0
2017-04-03,731.0
2017-04-04,852.0
2017-04-05,1381.0
2017-04-06,1588.0
2017-04-07,1506.0
2017-04-08,955.0
2017-04-09,901.0
2017-04-10,1566.0
2017-04-11,1582.0
2017-04-12,1453.0
2017-04-13,1381.0
2017-04-14,1292.0
2017-04-15,731.0
2017-04-16,606.0
2017-04-17,1276.0
2017-04-18,1279.0
2017-04-19,1272.0
2017-04-20,1305.0
2017-04-21,1097.0
2017-04-22,595.0
2017-04-23,584.0
2017-04-24,1317.0
2017-04-25,1279.0
2017-04-26,1250.0
2017-04-27,1280.0
2017-04-28,1119.0
2017-04-29,641.0
2017-04-30,518.0
2017-05-01,528.0
2017-05-02,1268.0
2017-05-03,1368.0
2017-05-04,1315.0
2017-05-05,1291.0
2017-05-06,806.0
2017-05-07,748.0
2017-05-08,1320.0
2017-05-09,1274.0
2017-05-10,1280.0
2017-05-11,1256.0
2017-05-12,1115.0
2017-05-13,671.0
2017-05-14,541.0
2017-05-15,1257.0
2017-05-16,1364.0
2017-05-17,1345.0
2017-05-18,1316.0
2017-05-19,1274.0
2017-05-20,982.0
2017-05-21,814.0
2017-05-22,1298.0
2017-05-23,1308.0
2017-05-24,1303.0
2017-05-25,1321.0
2017-05-26,1268.0
2017-05-27,1007.0
2017-05-28,616.0
2017-05-29,581.0
2017-05-30,612.0
2017-05-31,1377.0
2017-06-01,1227.0
2017-06-02,1259.0
2017-06-03,813.0
2017-06-04,716.0
2017-06-05,1316.0
2017-06-06,1287.0
2017-06-07,1261.0
2017-06-08,1288.0
2017-06-09,1245.0
2017-06-10,718.0
2017-06-11,784.0
2017-06-12,1349.0
2017-06-13,1390.0
2017-06-14,1444.0
2017-06-15,1418.0
2017-06-16,1305.0
2017-06-17,1009.0
2017-06-18,893.0
2017-06-19,1372.0
2017-06-20,1325.0
2017-06-21,1340.0
2017-06-22,1386.0
2017-06-23,1273.0
2017-06-24,831.0
2017-06-25,796.0
2017-06-26,1328.0
2017-06-27,1229.0
2017-06-28,1324.0
2017-06-29,1314.0
2017-06-30,1263.0
2017-07-01,765.0
2017-07-02,718.0
2017-07-03,1267.0
2017-07-04,1291.0
2017-07-05,1227.0
2017-07-06,1232.0
2017-07-07,1176.0
2017-07-08,703.0
2017-07-09,616.0
2017-07-10,1248.0
2017-07-11,1244.0
2017-07-12,1221.0
2017-07-13,1213.0
2017-07-14,1171.0
2017-07-15,672.0
2017-07-16,582.0
2017-07-17,1241.0
2017-07-18,1187.0
2017-07-19,1246.0
2017-07-20,1233.0
2017-07-21,1217.0
2017-07-22,735.0
2017-07-23,709.0
2017-07-24,1146.0
2017-07-25,1181.0
2017-07-26,1235.0
2017-07-27,1191.0
2017-07-28,1102.0
2017-07-29,667.0
2017-07-30,723.0
2017-07-31,1310.0
2017-08-01,1298.0
2017-08-02,1288.0
2017-08-03,1304.0
2017-08-04,1267.0
2017-08-05,750.0
2017-08-06,680.0
2017-08-07,1280.0
2017-08-08,1246.0
2017-08-09,1245.0
2017-08-10,1238.0
2017-08-11,1203.0
2017-08-12,765.0
2017-08-13,629.0
2017-08-14,1213.0
2017-08-15,1291.0
2017-08-16,1237.0
2017-08-17,1218.0
2017-08-18,1164.0
2017-08-19,690.0
2017-08-20,661.0
2017-08-21,1092.0
2017-08-22,1037.0
2017-08-23,1158.0
2017-08-24,1058.0
2017-08-25,887.0
2017-08-26,547.0
2017-08-27,479.0
2017-08-28,914.0
2017-08-29,921.0
2017-08-30,959.0
2017-08-31,961.0
2017-09-01,964.0
2017-09-02,542.0
2017-09-03,491.0
2017-09-04,952.0
2017-09-05,936.0
2017-09-06,970.0
2017-09-07,974.0
2017-09-08,859.0
2017-09-09,516.0
2017-09-10,513.0
2017-09-11,984.0
2017-09-12,969.0
2017-09-13,1035.0
2017-09-14,1088.0
2017-09-15,1161.0
2017-09-16,654.0
2017-09-17,582.0
2017-09-18,1211.0
2017-09-19,1172.0
2017-09-20,1148.0
2017-09-21,1073.0
2017-09-22,999.0
2017-09-23,624.0
2017-09-24,576.0
2017-09-25,1019.0
2017-09-26,1275.0
2017-09-27,1181.0
2017-09-28,1023.0
2017-09-29,928.0
2017-09-30,749.0
2017-10-01,391.0
2017-10-02,404.0
2017-10-03,332.0
2017-10-04,294.0
2017-10-05,363.0
2017-10-06,443.0
2017-10-07,481.0
2017-10-08,562.0
2017-10-09,1144.0
2017-10-10,1239.0
2017-10-11,1204.0
2017-10-12,1166.0
2017-10-13,1196.0
2017-10-14,669.0
2017-10-15,635.0
2017-10-16,1225.0
2017-10-17,1215.0
2017-10-18,1149.0
2017-10-19,1137.0
2017-10-20,1043.0
2017-10-21,569.0
2017-10-22,600.0
2017-10-23,1195.0
2017-10-24,1149.0
2017-10-25,1137.0
2017-10-26,1005.0
2017-10-27,920.0
2017-10-28,576.0
2017-10-29,506.0
2017-10-30,1074.0
2017-10-31,1080.0
2017-11-01,1073.0
2017-11-02,1014.0
2017-11-03,891.0
2017-11-04,592.0
2017-11-05,550.0
2017-11-06,1053.0
2017-11-07,1022.0
2017-11-08,1015.0
2017-11-09,953.0
2017-11-10,834.0
2017-11-11,548.0
2017-11-12,470.0
2017-11-13,999.0
2017-11-14,1148.0
2017-11-15,1119.0
2017-11-16,1075.0
2017-11-17,906.0
2017-11-18,550.0
2017-11-19,490.0
2017-11-20,960.0
2017-11-21,1011.0
2017-11-22,955.0
2017-11-23,941.0
2017-11-24,903.0
2017-11-25,515.0
2017-11-26,536.0
2017-11-27,1052.0
2017-11-28,1200.0
2017-11-29,1154.0
2017-11-30,1134.0
2017-12-01,1089.0
2017-12-02,626.0
2017-12-03,592.0
2017-12-04,1117.0
2017-12-05,982.0
2017-12-06,1034.0
2017-12-07,1088.0
2017-12-08,1007.0
2017-12-09,546.0
2017-12-10,576.0
2017-12-11,1088.0
2017-12-12,1062.0
2017-12-13,1083.0
2017-12-14,1064.0
2017-12-15,1078.0
2017-12-16,595.0
2017-12-17,552.0
2017-12-18,1127.0
2017-12-19,1101.0
2017-12-20,1153.0
2017-12-21,1091.0
2017-12-22,982.0
2017-12-23,620.0
2017-12-24,562.0
2017-12-25,1117.0
2017-12-26,1153.0
2017-12-27,1158.0
2017-12-28,1158.0
2017-12-29,1136.0
2017-12-30,649.0
2017-12-31,493.0
2018-01-01,455.0
2018-01-02,1111.0
2018-01-03,1134.0
2018-01-04,1199.0
2018-01-05,1012.0
2018-01-06,683.0
2018-01-07,593.0
2018-01-08,1170.0
2018-01-09,1241.0
2018-01-10,1227.0
2018-01-11,1167.0
2018-01-12,1087.0
2018-01-13,633.0
2018-01-14,624.0
2018-01-15,1216.0
2018-01-16,1179.0
2018-01-17,1198.0
2018-01-18,1128.0
2018-01-19,1067.0
2018-01-20,661.0
2018-01-21,605.0
2018-01-22,1059.0
2018-01-23,1055.0
2018-01-24,1016.0
2018-01-25,921.0
2018-01-26,789.0
2018-01-27,520.0
2018-01-28,443.0
2018-01-29,995.0
2018-01-30,968.0
2018-01-31,1119.0
2018-02-01,977.0
2018-02-02,891.0
2018-02-03,582.0
2018-02-04,521.0
2018-02-05,927.0
2018-02-06,939.0
2018-02-07,979.0
2018-02-08,832.0
2018-02-09,770.0
2018-02-10,514.0
2018-02-11,634.0
2018-02-12,622.0
2018-02-13,515.0
2018-02-14,393.0
2018-02-15,255.0
2018-02-16,252.0
2018-02-17,276.0
2018-02-18,275.0
2018-02-19,331.0
2018-02-20,395.0
2018-02-21,522.0
2018-02-22,902.0
2018-02-23,1054.0
2018-02-24,1145.0
2018-02-25,887.0
2018-02-26,1349.0
2018-02-27,1393.0
2018-02-28,1427.0
2018-03-01,1328.0
2018-03-02,1246.0
2018-03-03,994.0
2018-03-04,974.0
2018-03-05,1441.0
2018-03-06,1363.0
2018-03-07,1311.0
2018-03-08,1259.0
2018-03-09,1332.0
2018-03-10,946.0
2018-03-11,757.0
2018-03-12,1374.0
2018-03-13,1379.0
2018-03-14,1320.0
2018-03-15,1348.0
2018-03-16,1296.0
2018-03-17,854.0
2018-03-18,790.0
2018-03-19,1356.0
2018-03-20,1347.0
2018-03-21,1312.0
2018-03-22,1304.0
2018-03-23,1257.0
2018-03-24,894.0
2018-03-25,737.0
2018-03-26,1276.0
2018-03-27,1313.0
2018-03-28,1269.0
2018-03-29,1266.0
2018-03-30,1324.0
2018-03-31,909.0
2018-04-01,708.0
2018-04-02,1292.0
2018-04-03,1250.0
2018-04-04,1170.0
2018-04-05,642.0
2018-04-06,611.0
2018-04-07,640.0
2018-04-08,1248.0
2018-04-09,1325.0
2018-04-10,1289.0
2018-04-11,1280.0
2018-04-12,1257.0
2018-04-13,1205.0
2018-04-14,792.0
2018-04-15,697.0
2018-04-16,1215.0
2018-04-17,1281.0
2018-04-18,1214.0
2018-04-19,1174.0
2018-04-20,1188.0
2018-04-21,691.0
2018-04-22,678.0
2018-04-23,1223.0
2018-04-24,1263.0
2018-04-25,1250.0
2018-04-26,1201.0
2018-04-27,1204.0
2018-04-28,1066.0
2018-04-29,593.0
2018-04-30,511.0
2018-05-01,548.0
2018-05-02,1181.0
2018-05-03,1136.0
2018-05-04,1197.0
2018-05-05,702.0
2018-05-06,579.0
2018-05-07,1208.0
2018-05-08,1261.0
2018-05-09,1224.0
2018-05-10,1252.0
2018-05-11,1169.0
2018-05-12,711.0
2018-05-13,606.0
2018-05-14,1195.0
2018-05-15,1224.0
2018-05-16,1239.0
2018-05-17,1199.0
2018-05-18,1178.0
2018-05-19,677.0
2018-05-20,617.0
2018-05-21,1222.0
2018-05-22,1225.0
2018-05-23,1212.0
2018-05-24,1207.0
2018-05-25,1168.0
2018-05-26,675.0
2018-05-27,637.0
2018-05-28,1188.0
2018-05-29,1189.0
2018-05-30,1237.0
2018-05-31,1239.0
2018-06-01,1110.0
2018-06-02,677.0
2018-06-03,570.0
2018-06-04,1182.0
2018-06-05,1256.0
2018-06-06,1174.0
2018-06-07,1187.0
2018-06-08,1140.0
2018-06-09,794.0
2018-06-10,693.0
2018-06-11,1170.0
2018-06-12,1188.0
2018-06-13,1177.0
2018-06-14,1177.0
2018-06-15,1072.0
2018-06-16,541.0
2018-06-17,443.0
2018-06-18,459.0
2018-06-19,1208.0
2018-06-20,1251.0
2018-06-21,1201.0
2018-06-22,1139.0
2018-06-23,698.0
2018-06-24,602.0
2018-06-25,1230.0
2018-06-26,1216.0
2018-06-27,1207.0
2018-06-28,1194.0
2018-06-29,1176.0
2018-06-30,800.0
2018-07-01,711.0
2018-07-02,1288.0
2018-07-03,1308.0
2018-07-04,1237.0
2018-07-05,1200.0
2018-07-06,1200.0
2018-07-07,732.0
2018-07-08,642.0
2018-07-09,1230.0
2018-07-10,1213.0
2018-07-11,1240.0
2018-07-12,1165.0
2018-07-13,1167.0
2018-07-14,708.0
2018-07-15,668.0
2018-07-16,1229.0
2018-07-17,1187.0
2018-07-18,1222.0
2018-07-19,1217.0
2018-07-20,1164.0
2018-07-21,777.0
2018-07-22,646.0
2018-07-23,1216.0
2018-07-24,1214.0
2018-07-25,1223.0
2018-07-26,1212.0
2018-07-27,1161.0
2018-07-28,726.0
2018-07-29,654.0
2018-07-30,1248.0
2018-07-31,1291.0
2018-08-01,1227.0
2018-08-02,1206.0
2018-08-03,1134.0
2018-08-04,814.0
2018-08-05,646.0
2018-08-06,1199.0
2018-08-07,1178.0
2018-08-08,1231.0
2018-08-09,1193.0
2018-08-10,1163.0
2018-08-11,745.0
2018-08-12,644.0
2018-08-13,1293.0
2018-08-14,1248.0
2018-08-15,1256.0
2018-08-16,1190.0
2018-08-17,1103.0
2018-08-18,700.0
2018-08-19,598.0
2018-08-20,1184.0
2018-08-21,1217.0
2018-08-22,1229.0
2018-08-23,1162.0
2018-08-24,1174.0
2018-08-25,746.0
2018-08-26,654.0
2018-08-27,1194.0
2018-08-28,1238.0
2018-08-29,1209.0
2018-08-30,1182.0
2018-08-31,784.0
2018-09-01,407.0
2018-09-02,370.0
2018-09-03,1182.0
2018-09-04,1198.0
2018-09-05,1200.0
2018-09-06,1208.0
2018-09-07,952.0
2018-09-08,728.0
2018-09-09,574.0
2018-09-10,1201.0
2018-09-11,1187.0
2018-09-12,1181.0
2018-09-13,1150.0
2018-09-14,1148.0
2018-09-15,667.0
2018-09-16,583.0
2018-09-17,1157.0
2018-09-18,1171.0
2018-09-19,1174.0
2018-09-20,1150.0
2018-09-21,982.0
2018-09-22,584.0
2018-09-23,464.0
2018-09-24,479.0
2018-09-25,1138.0
2018-09-26,1136.0
2018-09-27,1146.0
2018-09-28,1192.0
2018-09-29,1044.0
2018-09-30,921.0
2018-10-01,448.0
2018-10-02,394.0
2018-10-03,395.0
2018-10-04,449.0
2018-10-05,447.0
2018-10-06,436.0
2018-10-07,596.0
2018-10-08,1237.0
2018-10-09,1218.0
2018-10-10,1207.0
2018-10-11,1208.0
2018-10-12,1204.0
2018-10-13,684.0
2018-10-14,555.0
2018-10-15,1232.0
2018-10-16,1170.0
2018-10-17,1124.0
2018-10-18,924.0
2018-10-19,864.0
2018-10-20,485.0
2018-10-21,467.0
2018-10-22,914.0
2018-10-23,895.0
2018-10-24,984.0
2018-10-25,887.0
2018-10-26,773.0
2018-10-27,269.0
2018-10-28,304.0
2018-10-29,1140.0
2018-10-30,803.0
2018-10-31,851.0
2018-11-01,771.0
2018-11-02,671.0
2018-11-03,494.0
2018-11-04,538.0
2018-11-05,1212.0
2018-11-06,1162.0
2018-11-07,1169.0
2018-11-08,1147.0
2018-11-09,1084.0
2018-11-10,689.0
2018-11-11,521.0
2018-11-12,1150.0
2018-11-13,1183.0
2018-11-14,1168.0
2018-11-15,1168.0
2018-11-16,1144.0
2018-11-17,641.0
2018-11-18,618.0
2018-11-19,1167.0
2018-11-20,1201.0
2018-11-21,1223.0
2018-11-22,1179.0
2018-11-23,1130.0
2018-11-24,865.0
2018-11-25,746.0
2018-11-26,1270.0
2018-11-27,1286.0
2018-11-28,1262.0
2018-11-29,1282.0
2018-11-30,1194.0
2018-12-01,821.0
2018-12-02,769.0
2018-12-03,1259.0
2018-12-04,1279.0
2018-12-05,1347.0
2018-12-06,1323.0
2018-12-07,1170.0
2018-12-08,836.0
2018-12-09,749.0
2018-12-10,1220.0
2018-12-11,1240.0
2018-12-12,1192.0
2018-12-13,1231.0
2018-12-14,1188.0
2018-12-15,837.0
2018-12-16,675.0
2018-12-17,1228.0
2018-12-18,1311.0
2018-12-19,1245.0
2018-12-20,1308.0
2018-12-21,1183.0
2018-12-22,783.0
2018-12-23,714.0
2018-12-24,1256.0
2018-12-25,1284.0
2018-12-26,1276.0
2018-12-27,1255.0
2018-12-28,1223.0
2018-12-29,1154.0
2018-12-30,679.0
2018-12-31,588.0
2019-01-01,596.0
2019-01-02,1282.0
2019-01-03,1257.0
2019-01-04,1264.0
2019-01-05,886.0
2019-01-06,764.0
2019-01-07,1299.0
2019-01-08,1298.0
2019-01-09,1267.0
2019-01-10,1269.0
2019-01-11,1245.0
2019-01-12,811.0
2019-01-13,744.0
2019-01-14,1247.0
2019-01-15,1197.0
2019-01-16,1180.0
2019-01-17,1186.0
2019-01-18,1165.0
2019-01-19,731.0
2019-01-20,686.0
2019-01-21,1139.0
2019-01-22,1165.0
2019-01-23,1139.0
2019-01-24,1135.0
2019-01-25,1107.0
2019-01-26,736.0
2019-01-27,598.0
2019-01-28,1116.0
2019-01-29,1012.0
2019-01-30,971.0
2019-01-31,899.0
2019-02-01,841.0
2019-02-02,614.0
2019-02-03,483.0
2019-02-04,287.0
2019-02-05,248.0
2019-02-06,319.0
2019-02-07,348.0
2019-02-08,406.0
2019-02-09,392.0
2019-02-10,581.0
2019-02-11,1072.0
2019-02-12,1216.0
2019-02-13,1260.0
2019-02-14,1283.0
2019-02-15,1324.0
2019-02-16,1050.0
2019-02-17,1016.0
2019-02-18,1453.0
2019-02-19,1337.0
2019-02-20,1442.0
2019-02-21,1587.0
2019-02-22,1393.0
2019-02-23,1060.0
2019-02-24,975.0
2019-02-25,1504.0
2019-02-26,1588.0
2019-02-27,1539.0
2019-02-28,1718.0
2019-03-01,1500.0
2019-03-02,1072.0
2019-03-03,992.0
2019-03-04,1555.0
2019-03-05,1539.0
2019-03-06,1459.0
2019-03-07,1383.0
2019-03-08,1272.0
2019-03-09,1017.0
2019-03-10,985.0
2019-03-11,1416.0
2019-03-12,1430.0
2019-03-13,1413.0
2019-03-14,1376.0
2019-03-15,1341.0
2019-03-16,1017.0
2019-03-17,978.0
2019-03-18,1380.0
2019-03-19,1398.0
2019-03-20,1351.0
2019-03-21,1349.0
2019-03-22,1288.0
2019-03-23,946.0
2019-03-24,884.0
2019-03-25,1297.0
2019-03-26,1339.0
2019-03-27,1369.0
2019-03-28,1311.0
2019-03-29,2373.0
2019-03-30,1431.0
2019-03-31,1360.0
2019-04-01,2536.0
2019-04-02,2436.0
2019-04-03,2310.0
2019-04-04,1946.0
2019-04-05,1065.0
2019-04-06,1019.0
2019-04-07,1067.0
2019-04-08,2113.0
2019-04-09,2141.0
2019-04-10,2278.0
2019-04-11,2813.0
2019-04-12,2693.0
2019-04-13,1729.0
2019-04-14,1550.0
2019-04-15,3093.0
2019-04-16,2952.0
2019-04-17,2823.0
2019-04-18,2596.0
2019-04-19,2624.0
2019-04-20,1708.0
2019-04-21,1643.0
2019-04-22,3048.0
2019-04-23,3206.0
2019-04-24,2895.0
2019-04-25,2876.0
2019-04-26,2706.0
2019-04-27,1619.0
2019-04-28,2481.0
2019-04-29,2801.0
2019-04-30,2601.0
2019-05-01,1336.0
2019-05-02,1137.0
2019-05-03,1209.0
2019-05-04,1652.0
2019-05-05,2940.0
2019-05-06,3217.0
2019-05-07,3116.0
2019-05-08,3169.0
2019-05-09,3022.0
2019-05-10,1744.0
2019-05-11,1090.0
2019-05-12,1007.0
2019-05-13,1657.0
2019-05-14,1786.0
2019-05-15,1756.0
2019-05-16,1656.0
2019-05-17,2903.0
2019-05-18,1571.0
2019-05-19,1392.0
2019-05-20,3002.0
2019-05-21,3037.0
2019-05-22,3037.0
2019-05-23,2679.0
2019-05-24,2684.0
2019-05-25,1649.0
2019-05-26,1581.0
2019-05-27,2959.0
2019-05-28,2995.0
2019-05-29,3081.0
2019-05-30,3049.0
2019-05-31,2832.0
2019-06-01,1696.0
2019-06-02,1533.0
2019-06-03,2986.0
2019-06-04,2961.0
2019-06-05,2885.0
2019-06-06,2541.0
2019-06-07,1278.0
2019-06-08,1348.0
2019-06-09,1488.0
2019-06-10,3401.0
2019-06-11,3308.0
2019-06-12,2187.0
2019-06-13,1341.0
2019-06-14,1784.0
2019-06-15,1741.0
2019-06-16,1525.0
2019-06-17,2950.0
2019-06-18,2817.0
2019-06-19,3024.0
2019-06-20,3004.0
2019-06-21,2669.0
2019-06-22,1851.0
2019-06-23,1618.0
2019-06-24,2987.0
2019-06-25,2925.0
2019-06-26,3009.0
2019-06-27,2710.0
2019-06-28,2795.0
2019-06-29,1695.0
2019-06-30,1562.0
2019-07-01,2933.0
2019-07-02,2937.0
2019-07-03,2812.0
2019-07-04,2775.0
2019-07-05,2636.0
2019-07-06,1546.0
2019-07-07,1511.0
2019-07-08,2741.0
2019-07-09,2867.0
2019-07-10,2825.0
2019-07-11,2804.0
2019-07-12,2728.0
2019-07-13,1588.0
2019-07-14,1349.0
2019-07-15,2826.0
2019-07-16,2727.0
2019-07-17,2533.0
2019-07-18,866.0
2019-07-19,2232.0
2019-07-20,1485.0
2019-07-21,1353.0
2019-07-22,2381.0
2019-07-23,2320.0
2019-07-24,2345.0
2019-07-25,2396.0
2019-07-26,2204.0
2019-07-27,1414.0
2019-07-28,1277.0
2019-07-29,2467.0
2019-07-30,2522.0
2019-07-31,2833.0
2019-08-01,2641.0
2019-08-02,2369.0
2019-08-03,1531.0
2019-08-04,1305.0
2019-08-05,2709.0
2019-08-06,2656.0
2019-08-07,2347.0
2019-08-08,2386.0
2019-08-09,2223.0
2019-08-10,1398.0
2019-08-11,1292.0
2019-08-12,2596.0
2019-08-13,2605.0
2019-08-14,2549.0
2019-08-15,2710.0
2019-08-16,2415.0
2019-08-17,1508.0
2019-08-18,1453.0
2019-08-19,2596.0
2019-08-20,2538.0
2019-08-21,1993.0
2019-08-22,2247.0
2019-08-23,2302.0
2019-08-24,1443.0
2019-08-25,1359.0
2019-08-26,2216.0
2019-08-27,1981.0
2019-08-28,1969.0
2019-08-29,1994.0
2019-08-30,1955.0
2019-08-31,1251.0
2019-09-01,1151.0
2019-09-02,1902.0
2019-09-03,1862.0
2019-09-04,1865.0
2019-09-05,1739.0
2019-09-06,1633.0
2019-09-07,1073.0
2019-09-08,1070.0
2019-09-09,1706.0
2019-09-10,1640.0
2019-09-11,1646.0
2019-09-12,1463.0
2019-09-13,988.0
2019-09-14,1014.0
2019-09-15,1104.0
2019-09-16,1787.0
2019-09-17,1691.0
2019-09-18,1621.0
2019-09-19,1694.0
2019-09-20,1627.0
2019-09-21,1173.0
2019-09-22,1103.0
2019-09-23,1547.0
2019-09-24,1649.0
2019-09-25,1672.0
2019-09-26,1669.0
2019-09-27,1543.0
2019-09-28,1086.0
2019-09-29,1373.0
2019-09-30,1167.0
2019-10-01,948.0
2019-10-02,949.0
2019-10-03,900.0
2019-10-04,950.0
2019-10-05,992.0
2019-10-06,969.0
2019-10-07,1049.0
2019-10-08,1760.0
2019-10-09,1780.0
2019-10-10,1866.0
2019-10-11,1785.0
2019-10-12,1469.0
2019-10-13,1077.0
2019-10-14,1588.0
2019-10-15,1837.0
2019-10-16,1762.0
2019-10-17,1774.0
2019-10-18,1617.0
2019-10-19,1068.0
2019-10-20,1007.0
2019-10-21,1016.0
2019-10-22,1616.0
2019-10-23,1629.0
2019-10-24,1632.0
2019-10-25,1470.0
2019-10-26,1068.0
2019-10-27,1017.0
2019-10-28,1571.0
2019-10-29,1608.0
2019-10-30,1642.0
2019-10-31,1763.0
2019-11-01,1595.0
2019-11-02,1183.0
2019-11-03,1092.0
2019-11-04,1881.0
2019-11-05,1846.0
2019-11-06,1757.0
2019-11-07,1476.0
2019-11-08,1418.0
2019-11-09,1045.0
2019-11-10,1021.0
2019-11-11,1393.0
2019-11-12,1536.0
2019-11-13,1521.0
2019-11-14,1454.0
2019-11-15,1460.0
2019-11-16,1055.0
2019-11-17,1006.0
2019-11-18,1554.0
2019-11-19,1530.0
2019-11-20,1535.0
2019-11-21,1659.0
2019-11-22,1569.0
2019-11-23,1071.0
2019-11-24,1082.0
2019-11-25,1855.0
2019-11-26,1740.0
2019-11-27,1609.0
2019-11-28,1681.0
2019-11-29,1618.0
2019-11-30,1084.0
2019-12-01,1043.0
2019-12-02,1678.0
2019-12-03,1629.0
2019-12-04,1635.0
2019-12-05,1587.0
2019-12-06,1484.0
2019-12-07,1055.0
2019-12-08,1044.0
2019-12-09,1653.0
2019-12-10,1806.0
2019-12-11,1724.0
2019-12-12,1509.0
2019-12-13,1644.0
2019-12-14,1059.0
2019-12-15,1051.0
2019-12-16,1769.0
2019-12-17,1758.0
2019-12-18,1791.0
2019-12-19,1649.0
2019-12-20,1621.0
2019-12-21,1084.0
2019-12-22,1048.0
2019-12-23,1614.0
2019-12-24,1546.0
2019-12-25,1732.0
2019-12-26,1696.0
2019-12-27,1585.0
2019-12-28,1093.0
2019-12-29,1019.0
2019-12-30,1577.0
2019-12-31,1419.0
2020-01-01,1015.0
2020-01-02,1552.0
2020-01-03,1433.0
2020-01-04,1052.0
2020-01-05,989.0
2020-01-06,1458.0
2020-01-07,1494.0
2020-01-08,1407.0
2020-01-09,1356.0
2020-01-10,1321.0
2020-01-11,1036.0
2020-01-12,980.0
2020-01-13,1300.0
2020-01-14,1257.0
2020-01-15,1205.0
2020-01-16,1164.0
2020-01-17,1108.0
2020-01-18,968.0
2020-01-19,1011.0
2020-01-20,1034.0
2020-01-21,1002.0
2020-01-22,825.0
2020-01-23,652.0
2020-01-24,351.0
2020-01-25,378.0
2020-01-26,403.0
2020-01-27,433.0
2020-01-28,427.0
2020-01-29,449.0
2020-01-30,578.0
2020-01-31,644.0
2020-02-01,648.0
2020-02-02,646.0
2020-02-03,877.0
2020-02-04,941.0
2020-02-05,973.0
2020-02-06,992.0
2020-02-07,1014.0
2020-02-08,965.0
2020-02-09,950.0
2020-02-10,1078.0
2020-02-11,1089.0
2020-02-12,1128.0
2020-02-13,1087.0
2020-02-14,1044.0
2020-02-15,1083.0
2020-02-16,1013.0
2020-02-17,1150.0
2020-02-18,1331.0
2020-02-19,1519.0
2020-02-20,1609.0
2020-02-21,1366.0
2020-02-22,1108.0
2020-02-23,1061.0
2020-02-24,1413.0
2020-02-25,1437.0
2020-02-26,1587.0
2020-02-27,1555.0
2020-02-28,1740.0
2020-02-29,1698.0
2020-03-01,1386.0
2020-03-02,1870.0
2020-03-03,1887.0
2020-03-04,1842.0
2020-03-05,1715.0
2020-03-06,1806.0
2020-03-07,1226.0
2020-03-08,1134.0
2020-03-09,1816.0
2020-03-10,1959.0
2020-03-11,1822.0
2020-03-12,1806.0
2020-03-13,1982.0
2020-03-14,1389.0
2020-03-15,1281.0
2020-03-16,2177.0
2020-03-17,2184.0
2020-03-18,2205.0
2020-03-19,2331.0
2020-03-20,2320.0
2020-03-21,1596.0
2020-03-22,1367.0
2020-03-23,2439.0
2020-03-24,2442.0
2020-03-25,2771.0
2020-03-26,20841.0
2020-03-27,12683.0
2020-03-28,7694.0
2020-03-29,5914.0
2020-03-30,10231.0
2020-03-31,24381.0
2020-04-01,27670.0
2020-04-02,10657.0
2020-04-03,7960.0
2020-04-04,5227.0
2020-04-05,2945.0
2020-04-06,3465.0
2020-04-07,4597.0
2020-04-08,4481.0
2020-04-09,5176.0
2020-04-10,7028.0
2020-04-11,7242.0
2020-04-12,4231.0
2020-04-13,5630.0
2020-04-14,6871.0
2020-04-15,6882.0
2020-04-16,5325.0
2020-04-17,5380.0
2020-04-18,3451.0
2020-04-19,2888.0
2020-04-20,4233.0
2020-04-21,4716.0
2020-04-22,4296.0
2020-04-23,4071.0
2020-04-24,3794.0
2020-04-25,2914.0
2020-04-26,3288.0
2020-04-27,3756.0
2020-04-28,3725.0
2020-04-29,3471.0
2020-04-30,1517.0
2020-05-01,273.0
2020-05-02,176.0
2020-05-03,234.0
2020-05-04,220.0
2020-05-05,234.0
2020-05-06,286.0
2020-05-07,287.0
2020-05-08,300.0
2020-05-09,253.0
2020-05-10,212.0
2020-05-11,280.0
2020-05-12,272.0
2020-05-13,270.0
2020-05-14,261.0
2020-05-15,264.0
2020-05-16,198.0
2020-05-17,174.0
2020-05-18,244.0
2020-05-19,221.0
2020-05-20,232.0
2020-05-21,242.0
2020-05-22,208.0
2020-05-23,166.0
2020-05-24,158.0
2020-05-25,216.0
2020-05-26,222.0
2020-05-27,209.0
2020-05-28,237.0
2020-05-29,217.0
2020-05-30,197.0
2020-05-31,106.0
2020-06-01,230.0
2020-06-02,221.0
2020-06-03,206.0
2020-06-04,230.0
2020-06-05,211.0
2020-06-06,181.0
2020-06-07,158.0
2020-06-08,208.0
2020-06-09,204.0
2020-06-10,238.0
2020-06-11,494.0
2020-06-12,313.0
2020-06-13,219.0
2020-06-14,185.0
2020-06-15,238.0
2020-06-16,246.0
2020-06-17,223.0
2020-06-18,230.0
2020-06-19,218.0
2020-06-20,168.0
2020-06-21,184.0
2020-06-22,242.0
2020-06-23,215.0
2020-06-24,193.0
2020-06-25,96.0
2020-06-26,146.0
2020-06-27,150.0
2020-06-28,219.0
2020-06-29,257.0
2020-06-30,238.0
2020-07-01,255.0
2020-07-02,238.0
2020-07-03,225.0
2020-07-04,173.0
2020-07-05,189.0
2020-07-06,248.0
2020-07-07,220.0
2020-07-08,226.0
2020-07-09,209.0
2020-07-10,218.0
2020-07-11,181.0
2020-07-12,105.0
2020-07-13,210.0
2020-07-14,218.0
2020-07-15,204.0
2020-07-16,221.0
2020-07-17,220.0
2020-07-18,167.0
2020-07-19,163.0
2020-07-20,219.0
2020-07-21,210.0
2020-07-22,351.0
2020-07-23,357.0
2020-07-24,269.0
2020-07-25,346.0
2020-07-26,274.0
2020-07-27,576.0
2020-07-28,512.0
2020-07-29,710.0
2020-07-30,503.0
2020-07-31,565.0
2020-08-01,387.0
2020-08-02,295.0
2020-08-03,249.0
2020-08-04,232.0
2020-08-05,253.0
2020-08-06,410.0
2020-08-07,563.0
2020-08-08,416.0
2020-08-09,266.0
2020-08-10,442.0
2020-08-11,574.0
2020-08-12,540.0
2020-08-13,520.0
2020-08-14,512.0
2020-08-15,333.0
2020-08-16,306.0
2020-08-17,234.0
2020-08-18,356.0
2020-08-19,589.0
2020-08-20,825.0
2020-08-21,514.0
2020-08-22,210.0
2020-08-23,166.0
2020-08-24,218.0
2020-08-25,207.0
2020-08-26,258.0
2020-08-27,237.0
2020-08-28,465.0
2020-08-29,377.0
2020-08-30,255.0
2020-08-31,374.0
2020-09-01,221.0
2020-09-02,210.0
2020-09-03,420.0
2020-09-04,374.0
2020-09-05,176.0
2020-09-06,300.0
2020-09-07,206.0
2020-09-08,231.0
2020-09-09,220.0
2020-09-10,231.0
2020-09-11,449.0
2020-09-12,337.0
2020-09-13,176.0
2020-09-14,217.0
2020-09-15,548.0
2020-09-16,517.0
2020-09-17,282.0
2020-09-18,221.0
2020-09-19,212.0
2020-09-20,535.0
2020-09-21,326.0
2020-09-22,232.0
2020-09-23,196.0
2020-09-24,225.0
2020-09-25,219.0
2020-09-26,125.0
2020-09-27,214.0
2020-09-28,229.0
2020-09-29,243.0
2020-09-30,214.0
2020-10-01,159.0
2020-10-02,160.0
2020-10-03,82.0
2020-10-04,154.0
2020-10-05,152.0
2020-10-06,160.0
2020-10-07,167.0
2020-10-08,115.0
2020-10-09,192.0
2020-10-10,215.0
2020-10-11,203.0
2020-10-12,234.0
2020-10-13,244.0
2020-10-14,261.0
2020-10-15,257.0
2020-10-16,225.0
2020-10-17,170.0
2020-10-18,182.0
2020-10-19,260.0
2020-10-20,274.0
2020-10-21,270.0
2020-10-22,240.0
2020-10-23,254.0
2020-10-24,160.0
2020-10-25,212.0
2020-10-26,306.0
2020-10-27,328.0
2020-10-28,329.0
2020-10-29,276.0
2020-10-30,304.0
2020-10-31,261.0
2020-11-01,249.0
2020-11-02,274.0
2020-11-03,286.0
2020-11-04,284.0
2020-11-05,280.0
2020-11-06,310.0
2020-11-07,222.0
2020-11-08,204.0
2020-11-09,291.0
2020-11-10,304.0
2020-11-11,266.0
2020-11-12,321.0
2020-11-13,294.0
2020-11-14,227.0
2020-11-15,234.0
2020-11-16,275.0
2020-11-17,298.0
2020-11-18,269.0
2020-11-19,302.0
2020-11-20,259.0
2020-11-21,203.0
2020-11-22,187.0
2020-11-23,240.0
2020-11-24,248.0
2020-11-25,267.0
2020-11-26,267.0
2020-11-27,276.0
2020-11-28,195.0
2020-11-29,185.0
2020-11-30,250.0
2020-12-01,269.0
2020-12-02,253.0
2020-12-03,252.0
2020-12-04,271.0
2020-12-05,225.0
2020-12-06,222.0
2020-12-07,253.0
2020-12-08,280.0
2020-12-09,312.0
2020-12-10,276.0
2020-12-11,297.0
2020-12-12,263.0
2020-12-13,211.0
2020-12-14,289.0
2020-12-15,309.0
2020-12-16,290.0
2020-12-17,284.0
2020-12-18,326.0
2020-12-19,250.0
2020-12-20,248.0
2020-12-21,354.0
2020-12-22,328.0
2020-12-23,418.0
2020-12-24,365.0
2020-12-25,344.0
2020-12-26,262.0
2020-12-27,291.0
2020-12-28,328.0
2020-12-29,351.0
2020-12-30,312.0
2020-12-31,267.0
2021-01-01,184.0
2021-01-02,181.0
2021-01-03,209.0
2021-01-04,215.0
2021-01-05,254.0
2021-01-06,251.0
2021-01-07,269.0
2021-01-08,234.0
2021-01-09,195.0
2021-01-10,182.0
2021-01-11,251.0
2021-01-12,250.0
2021-01-13,272.0
2021-01-14,294.0
2021-01-15,267.0
2021-01-16,210.0
2021-01-17,189.0
2021-01-18,231.0
2021-01-19,228.0
2021-01-20,250.0
2021-01-21,242.0
2021-01-22,204.0
2021-01-23,193.0
2021-01-24,171.0
2021-01-25,201.0
2021-01-26,227.0
2021-01-27,234.0
2021-01-28,195.0
2021-01-29,218.0
2021-01-30,181.0
2021-01-31,180.0
2021-02-01,221.0
2021-02-02,207.0
2021-02-03,197.0
2021-02-04,197.0
2021-02-05,182.0
2021-02-06,165.0
2021-02-07,190.0
2021-02-08,193.0
2021-02-09,198.0
2021-02-10,159.0
2021-02-11,132.0
2021-02-12,136.0
2021-02-13,140.0
2021-02-14,156.0
2021-02-15,143.0
2021-02-16,145.0
2021-02-17,84.0
2021-02-18,188.0
2021-02-19,211.0
2021-02-20,200.0
2021-02-21,182.0
2021-02-22,240.0
2021-02-23,241.0
2021-02-24,222.0
2021-02-25,228.0
2021-02-26,207.0
2021-02-27,193.0
2021-02-28,177.0
2021-03-01,256.0
2021-03-02,218.0
2021-03-03,243.0
2021-03-04,245.0
2021-03-05,221.0
2021-03-06,188.0
2021-03-07,187.0
2021-03-08,208.0
2021-03-09,223.0
2021-03-10,226.0
2021-03-11,225.0
2021-03-12,205.0
2021-03-13,170.0
2021-03-14,167.0
2021-03-15,243.0
2021-03-16,253.0
2021-03-17,221.0
2021-03-18,212.0
2021-03-19,204.0
2021-03-20,174.0
2021-03-21,175.0
2021-03-22,199.0
2021-03-23,240.0
2021-03-24,210.0
2021-03-25,212.0
2021-03-26,190.0
2021-03-27,165.0
2021-03-28,165.0
2021-03-29,233.0
2021-03-30,230.0
2021-03-31,225.0
2021-04-01,226.0
2021-04-02,201.0
2021-04-03,150.0
2021-04-04,156.0
2021-04-05,161.0
2021-04-06,224.0
2021-04-07,215.0
2021-04-08,191.0
2021-04-09,176.0
2021-04-10,157.0
2021-04-11,133.0
2021-04-12,167.0
2021-04-13,182.0
2021-04-14,190.0
2021-04-15,172.0
2021-04-16,184.0
2021-04-17,142.0
2021-04-18,150.0
2021-04-19,166.0
2021-04-20,160.0
2021-04-21,190.0
2021-04-22,156.0
2021-04-23,157.0
2021-04-24,129.0
2021-04-25,146.0
2021-04-26,150.0
2021-04-27,145.0
2021-04-28,161.0
2021-04-29,165.0
2021-04-30,133.0
2021-05-01,131.0
2021-05-02,61.0
2021-05-03,73.0
2021-05-04,122.0
2021-05-05,63.0
2021-05-06,137.0
2021-05-07,144.0
2021-05-08,158.0
2021-05-09,137.0
2021-05-10,161.0
2021-05-11,139.0
2021-05-12,161.0
2021-05-13,155.0
2021-05-14,166.0
2021-05-15,133.0
2021-05-16,139.0
2021-05-17,152.0
2021-05-18,178.0
2021-05-19,158.0
2021-05-20,165.0
2021-05-21,168.0
2021-05-22,133.0
2021-05-23,61.0
2021-05-24,173.0
2021-05-25,183.0
2021-05-26,161.0
2021-05-27,157.0
2021-05-28,157.0
2021-05-29,129.0
2021-05-30,127.0
2021-05-31,159.0
2021-06-01,158.0
2021-06-02,152.0
2021-06-03,83.0
2021-06-04,131.0
2021-06-05,128.0
2021-06-06,124.0
2021-06-07,159.0
2021-06-08,151.0
2021-06-09,152.0
2021-06-10,146.0
2021-06-11,192.0
2021-06-12,92.0
2021-06-13,144.0
2021-06-14,142.0
2021-06-15,208.0
2021-06-16,201.0
2021-06-17,185.0
2021-06-18,195.0
2021-06-19,175.0
2021-06-20,165.0
2021-06-21,195.0
2021-06-22,172.0
2021-06-23,182.0
2021-06-24,198.0
2021-06-25,213.0
2021-06-26,176.0
2021-06-27,163.0
2021-06-28,211.0
2021-06-29,185.0
2021-06-30,221.0
2021-07-01,202.0
2021-07-02,203.0
2021-07-03,172.0
2021-07-04,164.0
2021-07-05,211.0
2021-07-06,219.0
2021-07-07,196.0
2021-07-08,199.0
2021-07-09,207.0
2021-07-10,172.0
2021-07-11,150.0
2021-07-12,243.0
2021-07-13,183.0
2021-07-14,202.0
2021-07-15,231.0
2021-07-16,214.0
2021-07-17,185.0
2021-07-18,99.0
2021-07-19,219.0
2021-07-20,227.0
2021-07-21,193.0
2021-07-22,242.0
2021-07-23,215.0
2021-07-24,145.0
2021-07-25,170.0
2021-07-26,225.0
2021-07-27,231.0
2021-07-28,197.0
2021-07-29,215.0
2021-07-30,237.0
2021-07-31,175.0
2021-08-01,177.0
2021-08-02,265.0
2021-08-03,226.0
2021-08-04,248.0
2021-08-05,232.0
2021-08-06,226.0
2021-08-07,189.0
2021-08-08,110.0
2021-08-09,235.0
2021-08-10,231.0
2021-08-11,236.0
2021-08-12,237.0
2021-08-13,202.0
2021-08-14,163.0
2021-08-15,164.0
2021-08-16,225.0
2021-08-17,221.0
2021-08-18,224.0
2021-08-19,244.0
2021-08-20,219.0
2021-08-21,198.0
2021-08-22,163.0
2021-08-23,257.0
2021-08-24,224.0
2021-08-25,236.0
2021-08-26,236.0
2021-08-27,230.0
2021-08-28,207.0
2021-08-29,89.0
2021-08-30,235.0
2021-08-31,250.0
2021-09-01,236.0
2021-09-02,229.0
2021-09-03,230.0
2021-09-04,198.0
2021-09-05,185.0
2021-09-06,242.0
2021-09-07,219.0
2021-09-08,226.0
2021-09-09,223.0
2021-09-10,272.0
2021-09-11,185.0
2021-09-12,96.0
2021-09-13,206.0
2021-09-14,210.0
2021-09-15,241.0
2021-09-16,232.0
2021-09-17,244.0
2021-09-18,200.0
2021-09-19,117.0
2021-09-20,159.0
2021-09-21,160.0
2021-09-22,216.0
2021-09-23,233.0
2021-09-24,219.0
2021-09-25,188.0
2021-09-26,232.0
2021-09-27,242.0
2021-09-28,224.0
2021-09-29,224.0
2021-09-30,211.0
2021-10-01,155.0
2021-10-02,146.0
2021-10-03,143.0
2021-10-04,106.0
2021-10-05,118.0
2021-10-06,185.0
2021-10-07,188.0
2021-10-08,231.0
2021-10-09,241.0
2021-10-10,186.0
2021-10-11,243.0
2021-10-12,264.0
2021-10-13,255.0
2021-10-14,244.0
2021-10-15,205.0
2021-10-16,169.0
2021-10-17,187.0
2021-10-18,217.0
2021-10-19,244.0
2021-10-20,215.0
2021-10-21,282.0
2021-10-22,208.0
2021-10-23,168.0
2021-10-24,109.0
2021-10-25,243.0
2021-10-26,216.0
2021-10-27,215.0
2021-10-28,238.0
2021-10-29,253.0
2021-10-30,224.0
2021-10-31,210.0
2021-11-01,254.0
2021-11-02,229.0
2021-11-03,226.0
2021-11-04,261.0
2021-11-05,214.0
2021-11-06,172.0
2021-11-07,93.0
2021-11-08,232.0
2021-11-09,224.0
2021-11-10,209.0
2021-11-11,238.0
2021-11-12,246.0
2021-11-13,207.0
2021-11-14,195.0
2021-11-15,247.0
2021-11-16,243.0
2021-11-17,251.0
2021-11-18,230.0
2021-11-19,241.0
2021-11-20,199.0
2021-11-21,198.0
2021-11-22,263.0
2021-11-23,255.0
2021-11-24,234.0
2021-11-25,261.0
2021-11-26,253.0
2021-11-27,185.0
2021-11-28,196.0
2021-11-29,230.0
2021-11-30,268.0
2021-12-01,264.0
2021-12-02,261.0
2021-12-03,243.0
2021-12-04,179.0
2021-12-05,169.0
2021-12-06,266.0
2021-12-07,254.0
2021-12-08,236.0
2021-12-09,259.0
2021-12-10,242.0
2021-12-11,194.0
2021-12-12,187.0
2021-12-13,233.0
2021-12-14,247.0
2021-12-15,253.0
2021-12-16,247.0
2021-12-17,229.0
2021-12-18,200.0
2021-12-19,126.0
2021-12-20,253.0
2021-12-21,215.0
2021-12-22,245.0
2021-12-23,262.0
2021-12-24,233.0
2021-12-25,185.0
2021-12-26,163.0
2021-12-27,245.0
2021-12-28,274.0
2021-12-29,269.0
2021-12-30,225.0
2021-12-31,236.0
2022-01-01,167.0
2022-01-02,161.0
2022-01-03,185.0
2022-01-04,245.0
2022-01-05,219.0
2022-01-06,204.0
2022-01-07,250.0
2022-01-08,195.0
2022-01-09,189.0
2022-01-10,260.0
2022-01-11,257.0
2022-01-12,252.0
2022-01-13,237.0
2022-01-14,240.0
2022-01-15,175.0
2022-01-16,173.0
2022-01-17,233.0
2022-01-18,226.0
2022-01-19,199.0
2022-01-20,233.0
2022-01-21,218.0
2022-01-22,171.0
2022-01-23,180.0
2022-01-24,218.0
2022-01-25,179.0
2022-01-26,202.0
2022-01-27,187.0
2022-01-28,170.0
2022-01-29,148.0
2022-01-30,141.0
2022-01-31,124.0
2022-02-01,70.0
2022-02-02,73.0
2022-02-03,78.0
2022-02-04,141.0
2022-02-05,146.0
2022-02-06,157.0
2022-02-07,185.0
2022-02-08,215.0
2022-02-09,226.0
2022-02-10,230.0
2022-02-11,250.0
2022-02-12,206.0
2022-02-13,184.0
2022-02-14,227.0
2022-02-15,238.0
2022-02-16,308.0
2022-02-17,276.0
2022-02-18,254.0
2022-02-19,213.0
2022-02-20,197.0
2022-02-21,242.0
2022-02-22,233.0
2022-02-23,246.0
2022-02-24,250.0
2022-02-25,234.0
2022-02-26,195.0
2022-02-27,186.0
2022-02-28,291.0
2022-03-01,311.0
2022-03-02,290.0
2022-03-03,271.0
2022-03-04,256.0
2022-03-05,203.0
2022-03-06,185.0
2022-03-07,243.0
2022-03-08,233.0
2022-03-09,262.0
2022-03-10,254.0
2022-03-11,237.0
2022-03-12,187.0
2022-03-13,170.0
2022-03-14,259.0
2022-03-15,295.0
2022-03-16,264.0
2022-03-17,271.0
2022-03-18,244.0
2022-03-19,184.0
2022-03-20,180.0
2022-03-21,235.0
2022-03-22,240.0
2022-03-23,243.0
2022-03-24,251.0
2022-03-25,235.0
2022-03-26,179.0
2022-03-27,167.0
2022-03-28,253.0
2022-03-29,257.0
2022-03-30,255.0
2022-03-31,235.0
2022-04-01,232.0
2022-04-02,221.0
2022-04-03,117.0
2022-04-04,167.0
2022-04-05,195.0
2022-04-06,237.0
2022-04-07,250.0
2022-04-08,237.0
2022-04-09,189.0
2022-04-10,180.0
2022-04-11,235.0
2022-04-12,242.0
2022-04-13,262.0
2022-04-14,227.0
2022-04-15,223.0
2022-04-16,168.0
2022-04-17,161.0
2022-04-18,246.0
2022-04-19,271.0
2022-04-20,248.0
2022-04-21,221.0
2022-04-22,194.0
2022-04-23,206.0
2022-04-24,227.0
2022-04-25,252.0
2022-04-26,220.0
2022-04-27,247.0
2022-04-28,224.0
2022-04-29,235.0
2022-04-30,193.0
2022-05-01,121.0
2022-05-02,156.0
2022-05-03,156.0
2022-05-04,163.0
2022-05-05,271.0
2022-05-06,233.0
2022-05-07,208.0
2022-05-08,159.0
2022-05-09,213.0
2022-05-10,237.0
2022-05-11,249.0
2022-05-12,252.0
2022-05-13,247.0
2022-05-14,180.0
2022-05-15,169.0
2022-05-16,252.0
2022-05-17,230.0
2022-05-18,223.0
2022-05-19,261.0
2022-05-20,233.0
2022-05-21,174.0
2022-05-22,181.0
2022-05-23,242.0
2022-05-24,255.0
2022-05-25,238.0
2022-05-26,250.0
2022-05-27,219.0
2022-05-28,203.0
2022-05-29,207.0
2022-05-30,244.0
2022-05-31,285.0
2022-06-01,256.0
2022-06-02,256.0
2022-06-03,181.0
2022-06-04,109.0
2022-06-05,163.0
2022-06-06,218.0
2022-06-07,220.0
2022-06-08,236.0
2022-06-09,223.0
2022-06-10,240.0
2022-06-11,147.0
2022-06-12,161.0
2022-06-13,227.0
2022-06-14,203.0
2022-06-15,232.0
2022-06-16,221.0
2022-06-17,219.0
2022-06-18,173.0
2022-06-19,150.0
2022-06-20,203.0
2022-06-21,201.0
2022-06-22,207.0
2022-06-23,214.0
2022-06-24,206.0
2022-06-25,154.0
2022-06-26,165.0
2022-06-27,211.0
2022-06-28,188.0
2022-06-29,225.0
2022-06-30,235.0
2022-07-01,213.0
2022-07-02,156.0
2022-07-03,147.0
2022-07-04,192.0
2022-07-05,210.0
2022-07-06,196.0
2022-07-07,194.0
2022-07-08,195.0
2022-07-09,150.0
2022-07-10,152.0
2022-07-11,213.0
2022-07-12,206.0
2022-07-13,210.0
2022-07-14,208.0
2022-07-15,227.0
2022-07-16,104.0
2022-07-17,157.0
2022-07-18,200.0
2022-07-19,200.0
2022-07-20,219.0
2022-07-21,231.0
2022-07-22,204.0
2022-07-23,164.0
2022-07-24,150.0
2022-07-25,216.0
2022-07-26,201.0
2022-07-27,178.0
2022-07-28,222.0
2022-07-29,179.0
2022-07-30,158.0
2022-07-31,163.0
2022-08-01,237.0
2022-08-02,180.0
2022-08-03,182.0
2022-08-04,198.0
2022-08-05,212.0
2022-08-06,153.0
2022-08-07,170.0
2022-08-08,217.0
2022-08-09,224.0
2022-08-10,222.0
2022-08-11,235.0
2022-08-12,230.0
2022-08-13,189.0
2022-08-14,178.0
2022-08-15,226.0
2022-08-16,219.0
2022-08-17,219.0
2022-08-18,234.0
2022-08-19,226.0
2022-08-20,186.0
2022-08-21,144.0
2022-08-22,235.0
2022-08-23,217.0
2022-08-24,228.0
2022-08-25,210.0
2022-08-26,217.0
2022-08-27,160.0
2022-08-28,154.0
2022-08-29,221.0
2022-08-30,205.0
2022-08-31,216.0
2022-09-01,221.0
2022-09-02,219.0
2022-09-03,165.0
2022-09-04,189.0
2022-09-05,215.0
2022-09-06,221.0
2022-09-07,246.0
2022-09-08,198.0
2022-09-09,225.0
2022-09-10,161.0
2022-09-11,156.0
2022-09-12,170.0
2022-09-13,217.0
2022-09-14,200.0
2022-09-15,196.0
2022-09-16,221.0
2022-09-17,187.0
2022-09-18,168.0
2022-09-19,246.0
2022-09-20,221.0
2022-09-21,229.0
2022-09-22,218.0
2022-09-23,234.0
2022-09-24,187.0
2022-09-25,154.0
2022-09-26,227.0
2022-09-27,234.0
2022-09-28,225.0
2022-09-29,219.0
2022-09-30,211.0
2022-10-01,138.0
2022-10-02,152.0
2022-10-03,139.0
2022-10-04,139.0
2022-10-05,156.0
2022-10-06,86.0
2022-10-07,167.0
2022-10-08,209.0
2022-10-09,232.0
2022-10-10,217.0
2022-10-11,195.0
2022-10-12,224.0
2022-10-13,225.0
2022-10-14,203.0
2022-10-15,191.0
2022-10-16,176.0
2022-10-17,210.0
2022-10-18,234.0
2022-10-19,217.0
2022-10-20,226.0
2022-10-21,200.0
2022-10-22,105.0
2022-10-23,169.0
2022-10-24,225.0
2022-10-25,215.0
2022-10-26,200.0
2022-10-27,213.0
2022-10-28,206.0
2022-10-29,174.0
2022-10-30,156.0
2022-10-31,205.0
2022-11-01,206.0
2022-11-02,207.0
2022-11-03,186.0
2022-11-04,191.0
2022-11-05,99.0
2022-11-06,142.0
2022-11-07,206.0
2022-11-08,216.0
2022-11-09,211.0
2022-11-10,201.0
2022-11-11,219.0
2022-11-12,165.0
2022-11-13,153.0
2022-11-14,214.0
2022-11-15,213.0
2022-11-16,226.0
2022-11-17,189.0
2022-11-18,198.0
2022-11-19,170.0
2022-11-20,154.0
2022-11-21,227.0
2022-11-22,212.0
2022-11-23,214.0
2022-11-24,191.0
2022-11-25,194.0
2022-11-26,159.0
2022-11-27,143.0
2022-11-28,206.0
2022-11-29,178.0
2022-11-30,226.0
2022-12-01,204.0
2022-12-02,204.0
2022-12-03,161.0
2022-12-04,155.0
2022-12-05,206.0
2022-12-06,227.0
2022-12-07,196.0
2022-12-08,207.0
2022-12-09,200.0
2022-12-10,159.0
2022-12-11,150.0
2022-12-12,189.0
2022-12-13,188.0
2022-12-14,170.0
2022-12-15,163.0
2022-12-16,96.0
2022-12-17,73.0
2022-12-18,73.0
2022-12-19,141.0
2022-12-20,143.0
2022-12-21,157.0
2022-12-22,160.0
2022-12-23,146.0
2022-12-24,141.0
2022-12-25,132.0
2022-12-26,150.0
2022-12-27,172.0
2022-12-28,170.0
2022-12-29,275.0
2022-12-30,756.0
2022-12-31,169.0
2023-01-01,86.0
2023-01-02,146.0
2023-01-03,193.0
2023-01-04,208.0
2023-01-05,229.0
2023-01-06,216.0
2023-01-07,161.0
2023-01-08,151.0
2023-01-09,199.0
2023-01-10,180.0
2023-01-11,229.0
2023-01-12,180.0
2023-01-13,192.0
2023-01-14,155.0
2023-01-15,83.0
2023-01-16,167.0
2023-01-17,161.0
2023-01-18,154.0
2023-01-19,150.0
2023-01-20,132.0
2023-01-21,66.0
2023-01-22,69.0
2023-01-23,67.0
2023-01-24,65.0
2023-01-25,73.0
2023-01-26,139.0
2023-01-27,137.0
2023-01-28,153.0
2023-01-29,197.0
2023-01-30,248.0
2023-01-31,241.0
2023-02-01,223.0
2023-02-02,226.0
2023-02-03,212.0
2023-02-04,176.0
2023-02-05,108.0
2023-02-06,221.0
2023-02-07,267.0
2023-02-08,245.0
2023-02-09,245.0
2023-02-10,231.0
2023-02-11,182.0
2023-02-12,167.0
2023-02-13,231.0
2023-02-14,245.0
2023-02-15,243.0
2023-02-16,232.0
2023-02-17,251.0
2023-02-18,181.0
2023-02-19,182.0
2023-02-20,274.0
2023-02-21,270.0
2023-02-22,288.0
2023-02-23,286.0
2023-02-24,269.0
2023-02-25,189.0
2023-02-26,173.0
2023-02-27,268.0
2023-02-28,313.0
2023-03-01,303.0
2023-03-02,275.0
2023-03-03,243.0
2023-03-04,197.0
2023-03-05,181.0
2023-03-06,272.0
2023-03-07,272.0
2023-03-08,255.0
2023-03-09,231.0
2023-03-10,254.0
2023-03-11,189.0
2023-03-12,185.0
2023-03-13,258.0
2023-03-14,276.0
2023-03-15,252.0
2023-03-16,228.0
2023-03-17,238.0
2023-03-18,194.0
2023-03-19,212.0
2023-03-20,249.0
2023-03-21,263.0
2023-03-22,283.0
2023-03-23,252.0
2023-03-24,249.0
2023-03-25,168.0
2023-03-26,93.0
2023-03-27,228.0
2023-03-28,216.0
2023-03-29,241.0
2023-03-30,215.0
2023-03-31,229.0
2023-04-01,164.0
2023-04-02,165.0
2023-04-03,231.0
2023-04-04,241.0
2023-04-05,159.0
2023-04-06,241.0
2023-04-07,193.0
2023-04-08,97.0
2023-04-09,157.0
2023-04-10,246.0
2023-04-11,240.0
2023-04-12,223.0
2023-04-13,239.0
2023-04-14,208.0
2023-04-15,176.0
2023-04-16,173.0
2023-04-17,239.0
2023-04-18,259.0
2023-04-19,216.0
2023-04-20,229.0
2023-04-21,215.0
2023-04-22,175.0
2023-04-23,193.0
2023-04-24,193.0
2023-04-25,241.0
2023-04-26,177.0
2023-04-27,212.0
2023-04-28,225.0
2023-04-29,96.0
2023-04-30,137.0
2023-05-01,135.0
2023-05-02,74.0
2023-05-03,141.0
2023-05-04,231.0
2023-05-05,215.0
2023-05-06,212.0
2023-05-07,169.0
2023-05-08,203.0
2023-05-09,226.0
2023-05-10,215.0
2023-05-11,220.0
2023-05-12,213.0
2023-05-13,166.0
2023-05-14,149.0
2023-05-15,260.0
2023-05-16,228.0
2023-05-17,219.0
2023-05-18,238.0
2023-05-19,228.0
2023-05-20,159.0
2023-05-21,143.0
2023-05-22,200.0
2023-05-23,219.0
2023-05-24,250.0
2023-05-25,223.0
2023-05-26,223.0
2023-05-27,173.0
2023-05-28,146.0
2023-05-29,232.0
2023-05-30,237.0
2023-05-31,234.0
2023-06-01,240.0
2023-06-02,205.0
2023-06-03,167.0
2023-06-04,158.0
2023-06-05,239.0
2023-06-06,215.0
2023-06-07,227.0
2023-06-08,234.0
2023-06-09,200.0
2023-06-10,160.0
2023-06-11,207.0
2023-06-12,221.0
2023-06-13,232.0
2023-06-14,227.0
2023-06-15,266.0
2023-06-16,226.0
2023-06-17,99.0
2023-06-18,170.0
2023-06-19,236.0
2023-06-20,234.0
2023-06-21,186.0
2023-06-22,162.0
2023-06-23,144.0
2023-06-24,106.0
2023-06-25,228.0
2023-06-26,233.0
2023-06-27,248.0
2023-06-28,261.0
2023-06-29,247.0
2023-06-30,259.0
2023-07-01,161.0
2023-07-02,170.0
2023-07-03,258.0
2023-07-04,230.0
2023-07-05,229.0
2023-07-06,260.0
2023-07-07,223.0
2023-07-08,181.0
2023-07-09,157.0
2023-07-10,256.0
2023-07-11,231.0
2023-07-12,230.0
2023-07-13,256.0
2023-07-14,203.0
2023-07-15,170.0
2023-07-16,153.0
2023-07-17,242.0
2023-07-18,243.0
2023-07-19,240.0
2023-07-20,236.0
2023-07-21,213.0
2023-07-22,187.0
2023-07-23,154.0
2023-07-24,244.0
2023-07-25,214.0
2023-07-26,208.0
2023-07-27,232.0
2023-07-28,217.0
2023-07-29,179.0
2023-07-30,161.0
2023-07-31,263.0
2023-08-01,260.0
2023-08-02,222.0
2023-08-03,221.0
2023-08-04,203.0
2023-08-05,87.0
2023-08-06,152.0
2023-08-07,245.0
2023-08-08,238.0
2023-08-09,218.0
2023-08-10,224.0
2023-08-11,212.0
2023-08-12,154.0
2023-08-13,166.0
2023-08-14,231.0
2023-08-15,259.0
2023-08-16,219.0
2023-08-17,231.0
2023-08-18,218.0
2023-08-19,153.0
2023-08-20,166.0
2023-08-21,221.0
2023-08-22,255.0
2023-08-23,255.0
2023-08-24,237.0
2023-08-25,218.0
2023-08-26,163.0
2023-08-27,155.0
2023-08-28,227.0
2023-08-29,231.0
2023-08-30,240.0
2023-08-31,273.0
2023-09-01,235.0
2023-09-02,183.0
2023-09-03,96.0
2023-09-04,236.0
2023-09-05,249.0
2023-09-06,254.0
2023-09-07,209.0
2023-09-08,198.0
2023-09-09,180.0
2023-09-10,158.0
2023-09-11,288.0
2023-09-12,237.0
2023-09-13,248.0
2023-09-14,243.0
2023-09-15,259.0
2023-09-16,176.0
2023-09-17,171.0
2023-09-18,260.0
2023-09-19,260.0
2023-09-20,238.0
2023-09-21,248.0
2023-09-22,232.0
2023-09-23,165.0
2023-09-24,91.0
2023-09-25,260.0
2023-09-26,235.0
2023-09-27,230.0
2023-09-28,202.0
2023-09-29,110.0
2023-09-30,150.0
2023-10-01,76.0
2023-10-02,87.0
2023-10-03,156.0
2023-10-04,152.0
2023-10-05,97.0
2023-10-06,106.0
2023-10-07,223.0
2023-10-08,217.0
2023-10-09,250.0
2023-10-10,266.0
2023-10-11,260.0
2023-10-12,271.0
2023-10-13,236.0
2023-10-14,161.0
2023-10-15,168.0
2023-10-16,261.0
2023-10-17,206.0
2023-10-18,246.0
2023-10-19,214.0
2023-10-20,243.0
2023-10-21,86.0
2023-10-22,173.0
2023-10-23,245.0
2023-10-24,254.0
2023-10-25,223.0
2023-10-26,215.0
2023-10-27,223.0
2023-10-28,163.0
2023-10-29,142.0
2023-10-30,267.0
2023-10-31,261.0
2023-11-01,250.0
2023-11-02,227.0
2023-11-03,239.0
2023-11-04,105.0
2023-11-05,96.0
2023-11-06,240.0
2023-11-07,254.0
2023-11-08,253.0
2023-11-09,236.0
2023-11-10,238.0
2023-11-11,104.0
2023-11-12,91.0
2023-11-13,219.0
2023-11-14,223.0
2023-11-15,231.0
2023-11-16,234.0
2023-11-17,215.0
2023-11-18,171.0
2023-11-19,115.0
2023-11-20,231.0
2023-11-21,228.0
2023-11-22,242.0
2023-11-23,225.0
2023-11-24,220.0
2023-11-25,194.0
2023-11-26,166.0
2023-11-27,254.0
2023-11-28,236.0
2023-11-29,252.0
2023-11-30,243.0
2023-12-01,214.0
2023-12-02,161.0
2023-12-03,168.0
2023-12-04,251.0
2023-12-05,256.0
2023-12-06,240.0
2023-12-07,257.0
2023-12-08,243.0
2023-12-09,148.0
2023-12-10,160.0
2023-12-11,245.0
2023-12-12,222.0
2023-12-13,225.0
2023-12-14,220.0
2023-12-15,219.0
2023-12-16,80.0
2023-12-17,108.0
2023-12-18,200.0
2023-12-19,206.0
2023-12-20,259.0
2023-12-21,221.0
2023-12-22,231.0
2023-12-23,157.0
2023-12-24,100.0
2023-12-25,228.0
2023-12-26,242.0
2023-12-27,225.0
2023-12-28,221.0
2023-12-29,213.0
2023-12-30,122.0
2023-12-31,159.0
2024-01-01,104.0
2024-01-02,251.0
2024-01-03,234.0
2024-01-04,259.0
2024-01-05,246.0
2024-01-06,166.0
2024-01-07,105.0
2024-01-08,239.0
2024-01-09,239.0
2024-01-10,246.0
2024-01-11,324.0
2024-01-12,1742.0
2024-01-13,1111.0
2024-01-14,222.0
2024-01-15,251.0
2024-01-16,212.0
2024-01-17,225.0
2024-01-18,235.0
2024-01-19,242.0
2024-01-20,163.0
2024-01-21,163.0
2024-01-22,236.0
2024-01-23,214.0
2024-01-24,240.0
2024-01-25,236.0
2024-01-26,230.0
2024-01-27,169.0
2024-01-28,156.0
2024-01-29,226.0
2024-01-30,206.0
2024-01-31,236.0
2024-02-01,234.0
2024-02-02,190.0
2024-02-03,165.0
2024-02-04,191.0
2024-02-05,195.0
2024-02-06,172.0
2024-02-07,162.0
2024-02-08,152.0
2024-02-09,69.0
2024-02-10,70.0
2024-02-11,83.0
2024-02-12,73.0
2024-02-13,86.0
2024-02-14,99.0
2024-02-15,224.0
2024-02-16,204.0
2024-02-17,212.0
2024-02-18,264.0
2024-02-19,242.0
2024-02-20,262.0
2024-02-21,277.0
2024-02-22,239.0
2024-02-23,237.0
2024-02-24,174.0
2024-02-25,178.0
2024-02-26,333.0
2024-02-27,314.0
2024-02-28,299.0
