,S5104483
2008-09-01,67.0
2008-09-02,58.6
2008-09-03,66.0
2008-09-04,48.0
2008-09-07,76.2
2008-09-22,52.9
2008-09-23,54.5
2008-09-26,65.6
2008-09-27,61.7
2008-09-29,53.8
2008-09-30,66.9
2008-10-01,58.1
2008-10-02,55.5
2008-10-03,50.8
2008-10-04,57.5
2008-10-05,49.1
2008-10-06,60.5
2008-10-07,64.5
2008-10-08,56.8
2008-10-09,56.4
2008-10-10,49.2
2008-10-11,64.9
2008-10-12,72.8
2008-10-13,54.0
2008-10-14,58.5
2008-10-15,49.7
2008-10-16,37.9
2008-10-17,47.4
2008-10-18,60.3
2008-10-19,63.3
2008-10-20,68.1
2008-10-21,62.5
2008-10-22,56.2
2008-10-23,47.6
2008-10-24,30.0
2008-10-25,46.8
2008-10-26,52.2
2008-10-27,53.1
2008-10-28,53.9
2008-10-29,50.4
2008-10-30,55.8
2008-10-31,50.4
2008-11-01,24.4
2008-11-02,38.0
2008-11-03,42.6
2008-11-04,55.1
2008-11-05,48.3
2008-11-06,48.2
2008-11-07,19.9
2008-11-08,45.7
2008-11-09,52.0
2008-11-10,43.7
2008-11-11,37.4
2008-11-12,41.3
2008-11-13,32.7
2008-11-14,39.4
2008-11-15,40.5
2008-11-16,39.3
2008-11-17,28.2
2008-11-18,33.5
2008-11-19,50.0
2008-11-20,38.1
2008-11-21,41.1
2008-11-22,45.5
2008-11-23,37.4
2008-11-24,38.5
2008-11-25,49.7
2008-11-26,37.1
2008-11-27,39.5
2008-11-28,40.5
2008-11-29,41.6
2008-11-30,38.9
2008-12-01,39.1
2008-12-02,43.1
2008-12-03,21.6
2008-12-04,0.6
2008-12-05,0.0
2008-12-06,45.6
2008-12-07,50.0
2008-12-08,62.3
2008-12-09,42.7
2008-12-10,30.1
2008-12-11,54.4
2008-12-12,27.6
2008-12-13,55.4
2008-12-14,53.4
2008-12-15,52.6
2008-12-16,56.7
2008-12-17,60.3
2008-12-18,58.0
2008-12-19,59.8
2008-12-20,53.0
2008-12-21,4.6
2008-12-22,19.6
2008-12-23,52.5
2008-12-24,60.2
2008-12-25,61.8
2008-12-26,61.6
2008-12-27,63.6
2008-12-28,64.6
2008-12-29,64.8
2008-12-30,50.5
2008-12-31,63.3
2009-01-01,53.4
2009-01-03,53.7
2009-01-04,48.9
2009-01-05,40.1
2009-01-06,58.9
2009-01-07,55.0
2009-01-08,43.3
2009-01-11,35.6
2009-01-12,50.0
2009-01-13,38.3
2009-01-14,40.4
2009-01-15,59.1
2009-01-16,57.7
2009-01-17,49.0
2009-01-18,54.4
2009-01-19,51.6
2009-01-20,49.3
2009-01-21,47.5
2009-01-22,34.9
2009-01-23,34.7
2009-01-24,21.3
2009-01-25,36.4
2009-01-27,37.0
2009-01-28,12.9
2009-01-29,52.0
2009-01-31,45.1
2009-02-01,30.5
2009-02-02,17.8
2009-02-03,43.2
2009-02-04,36.7
2009-02-05,46.5
2009-02-06,52.7
2009-02-07,43.5
2009-02-08,41.1
2009-02-09,28.0
2009-02-10,39.4
2009-02-11,62.9
2009-02-12,42.8
2009-02-13,43.9
2009-02-14,57.2
2009-02-15,45.7
2009-02-16,42.2
2009-02-17,45.8
2009-02-18,44.5
2009-02-19,53.0
2009-02-20,46.9
2009-02-21,29.1
2009-02-22,54.1
2009-02-23,56.3
2009-02-24,42.3
2009-02-25,60.8
2009-02-26,66.5
2009-02-28,59.8
2009-03-01,67.5
2009-03-02,60.7
2009-03-03,57.6
2009-03-04,48.0
2009-03-05,61.7
2009-03-06,64.1
2009-03-07,62.5
2009-03-08,65.0
2009-03-09,51.6
2009-03-10,58.2
2009-03-11,67.2
2009-03-12,52.3
2009-03-13,64.6
2009-03-14,61.6
2009-03-15,60.2
2009-03-16,45.7
2009-03-17,67.3
2009-03-18,55.0
2009-03-19,58.0
2009-03-20,64.8
2009-03-21,44.4
2009-03-22,51.6
2009-03-23,71.6
2009-03-24,73.0
2009-03-25,69.4
2009-03-26,65.6
2009-03-27,72.5
2009-03-28,65.5
2009-03-29,72.3
2009-03-30,61.7
2009-03-31,67.2
2009-04-01,61.0
2009-04-02,62.2
2009-04-03,56.8
2009-04-04,58.5
2009-04-05,67.0
2009-04-06,63.3
2009-04-07,63.3
2009-04-08,53.3
2009-04-09,57.8
2009-04-10,59.5
2009-04-11,52.3
2009-04-12,56.1
2009-04-13,55.1
2009-04-14,35.6
2009-04-15,40.1
2009-04-16,56.5
2009-04-17,54.6
2009-04-18,59.7
2009-04-19,49.3
2009-04-20,47.8
2009-04-21,54.3
2009-04-22,69.5
2009-04-23,50.1
2009-04-24,60.7
2009-04-25,51.6
2009-04-26,59.9
2009-04-27,59.4
2009-04-28,54.9
2009-04-29,61.6
2009-04-30,61.7
2009-05-01,50.3
2009-05-02,49.3
2009-05-03,53.2
2009-05-04,55.2
2009-05-05,72.7
2009-05-06,51.7
2009-05-07,61.7
2009-05-08,51.6
2009-05-09,59.9
2009-05-10,53.8
2009-05-11,53.4
2009-05-12,62.8
2009-05-13,59.8
2009-05-14,47.0
2009-05-15,61.1
2009-05-16,61.4
2009-05-17,65.7
2009-05-18,65.3
2009-05-19,54.7
2009-05-20,63.3
2009-05-21,57.4
2009-05-22,59.2
2009-05-23,56.9
2009-05-24,64.8
2009-05-25,52.3
2009-05-26,59.0
2009-05-27,62.5
2009-05-28,62.5
2009-05-29,66.8
2009-05-30,54.8
2009-05-31,52.8
2009-06-01,49.1
2009-06-02,47.0
2009-06-03,63.3
2009-06-04,68.1
2009-06-05,62.3
2009-06-06,57.6
2009-06-07,62.0
2009-06-08,50.1
2009-06-09,57.3
2009-06-10,66.5
2009-06-11,71.2
2009-06-12,56.1
2009-06-13,60.4
2009-06-14,68.7
2009-06-15,46.2
2009-06-16,47.7
2009-06-17,56.1
2009-06-18,47.2
2009-06-19,20.6
2009-06-20,50.6
2009-06-21,54.9
2009-06-22,55.8
2009-06-23,56.9
2009-06-24,58.8
2009-06-25,65.5
2009-06-26,71.3
2009-06-27,59.1
2009-06-28,62.3
2009-06-29,63.9
2009-06-30,63.8
2009-07-01,59.7
2009-07-02,65.6
2009-07-03,54.8
2009-07-04,60.3
2009-07-05,54.5
2009-07-06,42.2
2009-07-07,60.4
2009-07-08,64.0
2009-07-09,70.8
2009-07-10,69.3
2009-07-11,49.8
2009-07-12,69.6
2009-07-13,43.8
2009-07-14,65.7
2009-07-15,60.9
2009-07-16,64.4
2009-07-18,68.7
2009-07-19,63.5
2009-07-20,57.7
2009-07-21,76.5
2009-07-22,71.5
2009-07-23,68.5
2009-07-24,63.1
2009-07-25,68.2
2009-07-26,68.1
2009-07-27,69.9
2009-07-28,73.0
2009-07-29,78.4
2009-07-30,62.1
2009-07-31,77.5
2009-08-01,52.7
2009-08-02,63.8
2009-08-03,55.1
2009-08-04,63.3
2009-08-05,53.5
2009-08-06,61.4
2009-08-07,55.1
2009-08-08,67.7
2009-08-09,70.4
2009-08-10,67.0
2009-08-11,54.6
2009-08-12,54.3
2009-08-13,63.1
2009-08-14,60.6
2009-08-15,27.7
2009-08-16,36.0
2009-08-17,66.3
2009-08-18,59.8
2009-08-19,65.3
2009-08-20,59.5
2009-08-21,64.4
2009-08-22,69.5
2009-08-23,67.1
2009-08-24,66.8
2009-08-25,67.0
2009-08-26,48.1
2009-08-27,65.5
2009-08-28,70.7
2009-08-29,68.2
2009-08-30,75.1
2009-08-31,62.6
2009-09-01,49.0
2009-09-02,63.3
2009-09-03,60.7
2009-09-04,54.9
2009-09-05,57.4
2009-09-06,53.5
2009-09-07,63.2
2009-09-08,64.8
2009-09-09,56.1
2009-09-10,70.5
2009-09-11,71.9
2009-09-12,67.3
2009-09-13,62.6
2009-09-14,56.7
2009-09-15,54.0
2009-09-16,46.7
2009-09-17,70.8
2009-09-18,64.3
2009-09-19,62.2
2009-09-20,67.1
2009-09-21,59.7
2009-09-22,63.0
2009-09-23,61.4
2009-09-24,61.8
2009-09-25,41.0
2009-09-26,64.0
2009-09-27,63.3
2009-09-28,59.2
2009-09-29,60.9
2009-09-30,43.3
2009-10-01,32.8
2009-10-02,64.8
2009-10-03,54.3
2009-10-04,62.5
2009-10-05,67.7
2009-10-06,66.1
2009-10-07,54.9
2009-10-08,60.3
2009-10-09,62.6
2009-10-10,66.4
2009-10-11,66.8
2009-10-12,55.1
2009-10-13,59.0
2009-10-14,74.1
2009-10-15,54.6
2009-10-17,65.7
2009-10-18,47.8
2009-10-19,32.6
2009-10-20,39.6
2009-10-21,34.2
2009-10-22,46.2
2009-10-23,67.0
2009-10-24,70.1
2009-10-25,45.8
2009-10-26,8.9
2009-10-27,45.0
2009-10-28,64.2
2009-10-29,49.1
2009-10-30,4.7
2009-10-31,0.2
2009-11-01,5.2
2009-11-02,37.6
2009-11-03,54.8
2009-11-04,41.1
2009-11-05,60.4
2009-11-06,44.6
2009-11-07,72.2
2009-11-08,57.0
2009-11-09,22.4
2009-11-10,2.1
2009-11-11,52.3
2009-11-12,53.4
2009-11-13,54.7
2009-11-14,66.2
2009-11-15,67.9
2009-11-17,66.7
2009-11-18,68.2
2009-11-19,67.3
2009-11-20,63.8
2009-11-21,61.1
2009-11-22,66.3
2009-11-23,64.0
2009-11-24,47.9
2009-11-25,42.7
2009-11-26,56.3
2009-11-27,68.9
2009-11-28,68.2
2009-11-29,66.3
2009-11-30,72.6
2009-12-01,61.6
2009-12-02,61.2
2009-12-03,47.0
2009-12-04,71.6
2009-12-05,63.4
2009-12-06,73.1
2009-12-07,56.2
2009-12-08,75.6
2009-12-09,70.5
2009-12-10,70.8
2009-12-11,76.1
2009-12-12,67.3
2009-12-13,67.5
2009-12-14,66.0
2009-12-15,70.5
2009-12-16,70.5
2009-12-17,61.9
2009-12-18,57.8
2009-12-19,66.8
2009-12-20,63.4
2009-12-21,68.2
2009-12-22,70.7
2009-12-23,66.8
2009-12-24,69.7
2009-12-25,66.4
2009-12-26,47.9
2009-12-28,72.0
2009-12-29,46.5
2009-12-30,39.7
2009-12-31,56.2
2010-01-01,60.3
2010-01-02,53.1
2010-01-03,42.7
2010-01-04,28.4
2010-01-05,30.6
2010-01-06,48.9
2010-01-07,61.3
2010-01-08,50.5
2010-01-09,61.4
2010-01-10,57.5
2010-01-11,71.2
2010-01-12,59.9
2010-01-13,68.9
2010-01-14,67.3
2010-01-15,69.3
2010-01-16,68.4
2010-01-17,65.9
2010-01-18,65.9
2010-01-19,26.0
2010-01-20,4.1
2010-01-21,49.2
2010-01-22,70.2
2010-01-23,77.0
2010-01-24,68.7
2010-01-25,80.5
2010-01-26,80.0
2010-01-27,79.5
2010-01-28,72.8
2010-01-29,74.0
2010-01-30,79.8
2010-01-31,68.7
2010-02-01,68.9
2010-02-02,54.2
2010-02-03,61.7
2010-02-04,77.2
2010-02-05,63.2
2010-02-06,69.0
2010-02-07,58.7
2010-02-08,65.5
2010-02-09,66.6
2010-02-10,59.3
2010-02-11,47.7
2010-02-12,48.2
2010-02-13,43.7
2010-02-14,31.4
2010-02-15,46.9
2010-02-17,52.4
2010-02-18,51.5
2010-02-19,48.5
2010-02-20,49.0
2010-02-21,54.3
2010-02-22,55.0
2010-02-23,62.0
2010-02-24,21.6
2010-02-25,39.7
2010-02-26,67.3
2010-02-27,55.8
2010-03-01,49.5
2010-03-02,49.5
2010-03-03,41.5
2010-03-04,48.1
2010-03-05,50.5
2010-03-06,62.1
2010-03-07,60.1
2010-03-08,54.5
2010-03-09,59.2
2010-03-10,50.3
2010-03-11,50.0
2010-03-12,69.8
2010-03-13,60.2
2010-03-14,72.7
2010-03-15,56.6
2010-03-16,31.3
2010-03-17,71.5
2010-03-18,60.2
2010-03-19,62.5
2010-03-20,21.2
2010-03-21,51.1
2010-03-22,68.9
2010-03-23,62.7
2010-03-24,75.2
2010-03-25,70.4
2010-03-26,72.6
2010-03-27,69.9
2010-03-28,75.0
2010-03-29,64.8
2010-03-30,72.9
2010-03-31,77.8
2010-04-01,59.1
2010-04-02,51.5
2010-04-03,63.5
2010-04-04,62.6
2010-04-05,65.3
2010-04-06,61.8
2010-04-07,72.6
2010-04-08,62.6
2010-04-09,50.2
2010-04-10,70.5
2010-04-11,76.3
2010-04-12,69.1
2010-04-13,63.4
2010-04-14,60.5
2010-04-15,68.7
2010-04-16,63.2
2010-04-17,74.1
2010-04-18,58.5
2010-04-19,76.6
2010-04-20,53.5
2010-04-21,76.1
2010-04-22,71.5
2010-04-23,72.9
2010-04-24,73.1
2010-04-25,71.8
2010-04-26,68.4
2010-04-27,68.8
2010-04-28,67.5
2010-04-29,69.3
2010-04-30,62.8
2010-05-01,76.4
2010-05-02,65.8
2010-05-03,73.3
2010-05-04,54.9
2010-05-05,75.3
2010-05-06,42.3
2010-05-07,67.0
2010-05-08,67.8
2010-05-09,74.9
2010-05-10,70.2
2010-05-11,67.5
2010-05-12,60.8
2010-05-13,57.8
2010-05-14,73.5
2010-05-15,73.4
2010-05-16,70.3
2010-05-17,65.9
2010-05-18,58.4
2010-05-19,67.3
2010-05-20,56.0
2010-05-21,43.5
2010-05-22,65.1
2010-05-23,73.1
2010-05-24,66.9
2010-05-25,68.1
2010-05-26,61.4
2010-05-27,69.0
2010-05-28,75.5
2010-05-29,63.2
2010-05-30,23.3
2010-05-31,55.8
2010-06-01,66.4
2010-06-02,58.7
2010-06-03,73.5
2010-06-04,55.7
2010-06-05,50.0
2010-06-06,69.3
2010-06-07,67.6
2010-06-08,69.0
2010-06-09,68.2
2010-06-10,69.8
2010-06-12,70.3
2010-06-13,69.8
2010-06-14,70.3
2010-06-15,68.9
2010-06-16,59.8
2010-06-17,49.7
2010-06-18,70.9
2010-06-19,65.6
2010-06-20,71.8
2010-06-21,68.1
2010-06-22,68.2
2010-06-23,66.0
2010-06-24,70.1
2010-06-25,71.8
2010-06-26,71.8
2010-06-27,72.4
2010-06-28,68.2
2010-06-29,71.0
2010-06-30,66.4
2010-07-01,59.8
2010-07-02,45.6
2010-07-03,66.3
2010-07-04,64.6
2010-07-05,66.1
2010-07-06,57.0
2010-07-07,64.5
2010-07-08,67.4
2010-07-09,68.1
2010-07-10,69.3
2010-07-11,68.0
2010-07-12,68.9
2010-07-13,68.2
2010-07-14,67.1
2010-07-15,62.8
2010-07-16,59.9
2010-07-17,69.0
2010-07-18,69.2
2010-07-19,61.6
2010-07-20,46.8
2010-07-21,62.5
2010-07-22,75.3
2010-07-23,67.9
2010-07-24,46.4
2010-07-25,32.1
2010-07-26,64.2
2010-07-27,51.8
2010-07-28,61.5
2010-07-29,52.0
2010-07-30,45.3
2010-07-31,50.0
2010-08-01,38.1
2010-08-02,62.1
2010-08-03,59.8
2010-08-04,57.6
2010-08-05,40.8
2010-08-06,63.0
2010-08-07,68.0
2010-08-08,62.5
2010-08-09,62.1
2010-08-10,64.5
2010-08-11,64.4
2010-08-12,46.6
2010-08-13,66.2
2010-08-14,57.3
2010-08-15,70.4
2010-08-16,62.0
2010-08-17,64.8
2010-08-18,50.2
2010-08-19,70.0
2010-08-20,58.2
2010-08-21,72.3
2010-08-22,51.5
2010-08-23,60.6
2010-08-24,65.7
2010-08-25,67.4
2010-08-26,72.8
2010-08-27,73.5
2010-08-28,64.8
2010-08-29,62.1
2010-08-30,74.7
2010-08-31,60.2
2010-09-01,51.3
2010-09-02,66.6
2010-09-03,71.0
2010-09-04,66.6
2010-09-05,64.3
2010-09-06,68.9
2010-09-07,48.6
2010-09-08,27.2
2010-09-09,53.4
2010-09-10,64.1
2010-09-11,67.2
2010-09-12,64.0
2010-09-13,67.6
2010-09-14,72.0
2010-09-15,61.0
2010-09-16,16.2
2010-09-17,76.8
2010-09-18,33.9
2010-09-19,45.3
2010-09-20,80.1
2010-09-21,57.6
2010-09-22,36.8
2010-09-23,63.7
2010-09-24,74.6
2010-09-25,74.8
2010-09-26,68.4
2010-09-27,72.6
2010-09-28,63.1
2010-09-29,69.2
2010-09-30,68.0
2010-10-01,63.2
2010-10-02,50.1
2010-10-03,43.8
2010-10-04,66.6
2010-10-05,68.5
2010-10-06,63.5
2010-10-07,64.6
2010-10-08,40.0
2010-10-09,72.9
2010-10-10,69.8
2010-10-11,67.0
2010-10-12,63.3
2010-10-13,64.0
2010-10-14,64.9
2010-10-15,66.5
2010-10-16,67.4
2010-10-17,16.5
2010-10-18,50.2
2010-10-19,60.2
2010-10-20,47.3
2010-10-21,68.3
2010-10-22,72.5
2010-10-23,65.4
2010-10-24,25.8
2010-10-25,63.8
2010-10-26,59.7
2010-10-27,64.0
2010-10-28,63.2
2010-10-29,67.0
2010-10-30,70.5
2010-10-31,67.3
2010-11-01,72.7
2010-11-02,68.6
2010-11-03,70.7
2010-11-04,66.1
2010-11-05,63.9
2010-11-06,66.98
2010-11-07,67.6
2010-11-08,66.98
2010-11-09,59.8
2010-11-10,70.8
2010-11-11,70.4
2010-11-12,62.6
2010-11-13,69.5
2010-11-14,71.1
2010-11-15,71.5
2010-11-16,69.5
2010-11-17,68.5
2010-11-18,70.4
2010-11-19,53.5
2010-11-20,65.3
2010-11-21,46.2
2010-11-22,48.8
2010-11-23,75.9
2010-11-24,71.6
2010-11-25,65.5
2010-11-26,70.3
2010-11-27,56.2
2010-11-28,55.6
2010-11-29,76.5
2010-11-30,71.4
2010-12-01,65.5
2010-12-02,34.7
2010-12-03,17.1
2010-12-04,73.3
2010-12-05,60.7
2010-12-06,27.1
2010-12-07,57.1
2010-12-08,74.0
2010-12-09,68.7
2010-12-10,54.7
2010-12-11,46.7
2010-12-12,68.4
2010-12-13,43.1
2010-12-14,9.9
2010-12-15,50.5
2010-12-16,68.4
2010-12-17,64.1
2010-12-18,67.7
2010-12-19,67.7
2010-12-20,74.6
2010-12-21,76.7
2010-12-22,46.5
2010-12-23,43.3
2010-12-24,47.7
2010-12-25,68.7
2010-12-26,70.2
2010-12-27,72.1
2010-12-28,78.7
2010-12-29,71.4
2010-12-30,71.6
2010-12-31,61.2
2011-01-01,68.6
2011-01-02,62.6
2011-01-03,66.1
2011-01-04,70.2
2011-01-05,64.4
2011-01-06,62.5
2011-01-07,76.1
2011-01-08,76.2
2011-01-09,71.4
2011-01-10,72.5
2011-01-11,72.9
2011-01-12,69.8
2011-01-13,72.2
2011-01-14,72.4
2011-01-15,64.1
2011-01-16,67.0
2011-01-17,62.0
2011-01-18,65.1
2011-01-19,68.2
2011-01-20,65.0
2011-01-21,70.7
2011-01-22,66.3
2011-01-23,73.0
2011-01-24,76.2
2011-01-25,71.4
2011-01-26,70.9
2011-01-27,74.5
2011-01-28,73.6
2011-01-29,70.2
2011-01-30,74.2
2011-01-31,63.6
2011-02-01,73.9
2011-02-02,70.3
2011-02-03,36.4
2011-02-04,6.8
2011-02-05,60.1
2011-02-06,76.2
2011-02-07,78.1
2011-02-08,68.5
2011-02-09,76.7
2011-02-10,70.7
2011-02-11,65.7
2011-02-12,67.8
2011-02-13,72.3
2011-02-14,68.9
2011-02-15,81.6
2011-02-16,51.5
2011-02-17,65.8
2011-02-18,68.1
2011-02-19,58.4
2011-02-20,79.6
2011-02-21,58.2
2011-02-22,9.8
2011-02-23,38.2
2011-02-24,68.5
2011-02-25,61.7
2011-02-26,65.9
2011-02-27,72.3
2011-02-28,27.4
2011-03-01,68.1
2011-03-02,73.5
2011-03-03,69.6
2011-03-04,74.2
2011-03-05,73.8
2011-03-06,64.1
2011-03-07,71.5
2011-03-08,72.4
2011-03-09,75.8
2011-03-10,80.9
2011-03-11,79.8
2011-03-12,78.1
2011-03-13,77.2
2011-03-14,63.4
2011-03-15,62.5
2011-03-16,76.2
2011-03-17,74.4
2011-03-18,75.8
2011-03-19,51.3
2011-03-20,77.0
2011-03-21,74.7
2011-03-22,74.5
2011-03-23,82.6
2011-03-24,85.7
2011-03-25,82.0
2011-03-26,72.6
2011-03-27,80.2
2011-03-28,79.7
2011-03-29,83.7
2011-03-30,73.4
2011-03-31,75.5
2011-04-01,75.2
2011-04-02,48.3
2011-04-03,72.9
2011-04-04,82.8
2011-04-05,74.8
2011-04-06,76.6
2011-04-07,68.0
2011-04-08,70.6
2011-04-09,63.3
2011-04-10,67.2
2011-04-11,61.6
2011-04-12,65.4
2011-04-13,65.3
2011-04-14,79.8
2011-04-15,78.4
2011-04-16,73.3
2011-04-17,59.5
2011-04-18,57.0
2011-04-19,37.0
2011-04-20,71.4
2011-04-21,71.3
2011-04-22,66.0
2011-04-23,70.6
2011-04-24,72.0
2011-04-25,71.8
2011-04-26,74.2
2011-04-27,75.6
2011-04-28,77.4
2011-04-29,82.8
2011-04-30,79.8
2011-05-01,70.0
2011-05-02,79.7
2011-05-03,76.9
2011-05-04,75.5
2011-05-05,59.4
2011-05-06,36.0
2011-05-07,56.0
2011-05-08,79.8
2011-05-09,70.8
2011-05-10,60.5
2011-05-11,71.4
2011-05-12,71.8
2011-05-13,80.9
2011-05-14,78.2
2011-05-15,75.2
2011-05-16,82.7
2011-05-17,79.9
2011-05-18,73.9
2011-05-19,78.7
2011-05-20,71.5
2011-05-21,76.0
2011-05-22,75.8
2011-05-23,73.4
2011-05-24,65.1
2011-05-25,73.1
2011-05-26,82.4
2011-05-27,79.4
2011-05-28,72.8
2011-05-29,69.8
2011-05-30,75.0
2011-05-31,71.9
2011-06-01,69.0
2011-06-02,65.0
2011-06-03,69.0
2011-06-04,70.4
2011-06-05,73.0
2011-06-06,79.0
2011-06-07,55.8
2011-06-08,60.4
2011-06-09,80.8
2011-06-10,87.0
2011-06-11,83.8
2011-06-12,82.5
2011-06-13,83.0
2011-06-14,75.3
2011-06-15,65.0
2011-06-16,77.7
2011-06-17,67.7
2011-06-18,78.3
2011-06-19,47.8
2011-06-20,57.0
2011-06-21,39.6
2011-06-22,16.5
2011-06-23,47.9
2011-06-24,73.0
2011-06-25,77.6
2011-06-26,80.0
2011-06-27,81.0
2011-06-28,80.0
2011-06-29,72.0
2011-06-30,45.0
2011-07-01,36.2
2011-07-02,74.3
2011-07-03,46.9
2011-07-04,87.3
2011-07-05,81.1
2011-07-06,76.6
2011-07-07,80.5
2011-07-08,76.2
2011-07-09,75.0
2011-07-10,71.6
2011-07-11,70.0
2011-07-12,78.1
2011-07-13,74.5
2011-07-14,77.1
2011-07-15,80.5
2011-07-16,81.299
2011-07-17,81.7
2011-07-18,78.62
2011-07-19,71.6
2011-07-20,75.1
2011-07-21,77.8
2011-07-22,66.5
2011-07-23,64.5
2011-07-24,76.9
2011-07-25,57.7
2011-07-26,52.1
2011-07-27,60.8
2011-07-28,66.9
2011-07-29,59.5
2011-07-30,62.0
2011-07-31,44.4
2011-08-01,64.6
2011-08-02,37.5
2011-08-03,65.0
2011-08-04,70.7
2011-08-05,69.3
2011-08-06,72.7
2011-08-07,71.8
2011-08-08,69.6
2011-08-09,75.9
2011-08-10,51.3
2011-08-11,81.6
2011-08-12,43.4
2011-08-13,61.6
2011-08-14,80.9
2011-08-15,74.5
2011-08-16,74.1
2011-08-17,75.7
2011-08-18,75.6
2011-08-19,75.1
2011-08-20,71.8
2011-08-21,80.0
2011-08-22,75.0
2011-08-23,69.3
2011-08-24,70.9
2011-08-25,70.6
2011-08-26,75.2
2011-08-27,70.7
2011-08-28,75.4
2011-08-29,78.9
2011-08-30,74.7
2011-08-31,71.3
2011-09-01,63.0
2011-09-02,68.6
2011-09-03,74.7
2011-09-04,73.8
2011-09-05,77.9
2011-09-06,74.1
2011-09-07,71.2
2011-09-08,80.1
2011-09-09,77.5
2011-09-10,81.9
2011-09-11,88.1
2011-09-12,80.1
2011-09-13,77.4
2011-09-14,73.3
2011-09-15,66.1
2011-09-16,74.8
2011-09-17,63.1
2011-09-18,48.2
2011-09-19,68.3
2011-09-20,73.5
2011-09-21,83.7
2011-09-22,77.0
2011-09-23,75.7
2011-09-24,79.6
2011-09-25,83.2
2011-09-26,83.5
2011-09-27,77.7
2011-09-28,78.6
2011-09-29,71.9
2011-09-30,69.1
2011-10-01,60.2
2011-10-02,62.5
2011-10-03,75.5
2011-10-04,75.4
2011-10-05,66.4
2011-10-06,52.1
2011-10-07,70.4
2011-10-08,66.8
2011-10-09,43.7
2011-10-10,51.4
2011-10-11,73.3
2011-10-12,69.2
2011-10-13,67.1
2011-10-14,64.1
2011-10-15,63.8
2011-10-16,63.3
2011-10-17,73.8
2011-10-18,69.9
2011-10-19,69.6
2011-10-20,71.0
2011-10-21,70.3
2011-10-22,72.1
2011-10-23,81.3
2011-10-24,19.8
2011-10-25,55.0
2011-10-26,79.7
2011-10-27,80.1
2011-10-28,71.1
2011-10-29,73.3
2011-10-30,66.3
2011-10-31,72.1
2011-11-01,61.8
2011-11-02,74.4
2011-11-03,68.4
2011-11-04,80.5
2011-11-05,76.5
2011-11-06,32.0
2011-11-07,58.5
2011-11-08,81.5
2011-11-09,74.7
2011-11-10,78.5
2011-11-11,74.2
2011-11-12,70.9
2011-11-13,74.8
2011-11-14,69.0
2011-11-15,67.3
2011-11-16,69.5
2011-11-17,44.6
2011-11-18,30.5
2011-11-19,42.1
2011-11-20,55.4
2011-11-21,77.3
2011-11-22,85.4
2011-11-23,58.0
2011-11-24,72.1
2011-11-25,80.8
2011-11-26,77.4
2011-11-27,69.9
2011-11-28,73.8
2011-11-29,23.0
2011-11-30,27.8
2011-12-01,63.3
2011-12-02,71.1
2011-12-03,73.4
2011-12-04,84.3
2011-12-05,78.9
2011-12-06,64.0
2011-12-07,70.4
2011-12-08,70.2
2011-12-09,68.5
2011-12-10,64.4
2011-12-11,73.8
2011-12-12,71.6
2011-12-13,74.3
2011-12-14,67.5
2011-12-15,66.6
2011-12-16,71.0
2011-12-17,65.6
2011-12-18,73.2
2011-12-19,81.0
2011-12-20,72.0
2011-12-21,71.7
2011-12-22,68.6
2011-12-23,73.6
2011-12-24,74.3
2011-12-25,77.4
2011-12-26,71.9
2011-12-27,76.0
2011-12-28,79.5
2011-12-29,67.6
2011-12-30,74.2
2011-12-31,74.6
2012-01-01,76.2
2012-01-02,66.0
2012-01-03,65.5
2012-01-04,64.5
2012-01-05,63.4
2012-01-06,58.9
2012-01-07,62.0
2012-01-08,63.6
2012-01-09,70.4
2012-01-10,69.7
2012-01-11,69.5
2012-01-12,67.1
2012-01-13,71.8
2012-01-14,72.1
2012-01-15,69.6
2012-01-16,64.6
2012-01-17,65.6
2012-01-18,62.9
2012-01-19,65.4
2012-01-20,63.0
2012-01-21,44.2
2012-01-22,51.2
2012-01-23,52.4
2012-01-24,59.5
2012-01-25,62.1
2012-01-26,64.3
2012-01-27,68.6
2012-01-28,66.9
2012-01-29,65.3
2012-01-30,59.8
2012-01-31,66.2
2012-02-01,57.2
2012-02-02,61.9
2012-02-03,52.4
2012-02-04,59.7
2012-02-05,63.1
2012-02-06,49.8
2012-02-07,63.3
2012-02-08,65.3
2012-02-09,63.2
2012-02-10,62.4
2012-02-11,70.3
2012-02-12,72.0
2012-02-13,70.0
2012-02-14,33.5
2012-02-15,51.9
2012-02-16,68.3
2012-02-17,71.2
2012-02-18,68.1
2012-02-19,78.5
2012-02-20,70.5
2012-02-21,38.1
2012-02-22,50.2
2012-02-23,45.2
2012-02-24,71.5
2012-02-25,74.8
2012-02-26,80.7
2012-02-27,74.5
2012-02-28,58.8
2012-02-29,65.2
2012-03-01,71.7
2012-03-02,66.1
2012-03-03,73.1
2012-03-04,78.2
2012-03-05,81.5
2012-03-06,62.8
2012-03-07,64.0
2012-03-08,79.6
2012-03-09,78.0
2012-03-10,79.9
2012-03-11,71.4
2012-03-12,70.0
2012-03-13,69.8
2012-03-14,66.8
2012-03-15,73.5
2012-03-16,79.8
2012-03-17,25.9
2012-03-18,49.4
2012-03-19,64.1
2012-03-20,77.3
2012-03-21,83.2
2012-03-22,70.2
2012-03-23,82.5
2012-03-24,76.8
2012-03-25,82.6
2012-03-26,79.7
2012-03-27,78.7
2012-03-28,73.3
2012-03-29,79.6
2012-03-30,68.4
2012-03-31,88.4
2012-04-01,70.8
2012-04-02,74.1
2012-04-03,72.0
2012-04-04,73.5
2012-04-05,74.0
2012-04-06,73.3
2012-04-07,60.6
2012-04-08,80.9
2012-04-09,77.4
2012-04-10,72.2
2012-04-11,72.1
2012-04-12,63.6
2012-04-13,63.2
2012-04-14,52.6
2012-04-15,22.8
2012-04-16,64.1
2012-04-17,69.0
2012-04-18,62.3
2012-04-19,59.2
2012-04-20,37.6
2012-04-21,59.6
2012-04-22,74.8
2012-04-23,79.6
2012-04-24,57.7
2012-04-25,66.7
2012-04-26,63.4
2012-04-27,70.6
2012-04-28,57.5
2012-04-29,77.9
2012-04-30,79.4
2012-05-01,41.1
2012-05-02,70.5
2012-05-03,77.8
2012-05-04,69.0
2012-05-05,78.2
2012-05-06,74.8
2012-05-07,74.3
2012-05-08,72.5
2012-05-09,73.7
2012-05-10,78.7
2012-05-11,66.6
2012-05-12,74.5
2012-05-13,72.9
2012-05-14,50.1
2012-05-15,74.5
2012-05-16,64.3
2012-05-17,67.4
2012-05-18,73.2
2012-05-19,68.5
2012-05-20,60.3
2012-05-21,54.0
2012-05-22,44.5
2012-05-23,49.4
2012-05-24,55.6
2012-05-25,74.6
2012-05-26,67.2
2012-05-27,54.5
2012-05-28,62.7
2012-05-29,64.0
2012-05-30,66.5
2012-05-31,58.4
2012-06-01,64.0
2012-06-02,64.7
2012-06-03,61.8
2012-06-04,63.6
2012-06-05,52.8
2012-06-06,42.1
2012-06-07,50.3
2012-06-08,62.0
2012-06-09,73.3
2012-06-10,52.7
2012-06-11,55.2
2012-06-12,39.7
2012-06-13,53.7
2012-06-14,67.1
2012-06-15,57.1
2012-06-16,70.2
2012-06-17,76.5
2012-06-18,52.3
2012-06-19,54.6
2012-06-20,69.3
2012-06-21,64.0
2012-06-22,67.5
2012-06-23,73.3
2012-06-24,90.4
2012-06-25,62.9
2012-06-26,63.9
2012-06-27,60.8
2012-06-28,62.3
2012-06-29,69.2
2012-06-30,70.3
2012-07-01,72.2
2012-07-02,26.0
2012-07-03,66.2
2012-07-04,64.0
2012-07-05,66.4
2012-07-06,72.7
2012-07-07,70.2
2012-07-08,66.3
2012-07-09,72.2
2012-07-10,50.1
2012-07-11,56.3
2012-07-12,64.9
2012-07-13,73.2
2012-07-14,67.0
2012-07-15,65.8
2012-07-16,70.4
2012-07-17,59.5
2012-07-18,65.6
2012-07-19,69.7
2012-07-20,69.3
2012-07-21,71.5
2012-07-22,39.4
2012-07-23,30.7
2012-07-24,71.2
2012-07-25,79.5
2012-07-26,53.0
2012-07-27,66.6
2012-07-28,75.7
2012-07-29,31.2
2012-07-30,53.2
2012-07-31,71.6
2012-08-01,41.1
2012-08-02,25.3
2012-08-03,48.0
2012-08-04,48.0
2012-08-05,13.3
2012-08-06,50.7
2012-08-07,59.0
2012-08-08,65.2
2012-08-09,66.5
2012-08-10,69.4
2012-08-11,72.1
2012-08-12,67.5
2012-08-13,69.3
2012-08-14,65.9
2012-08-15,68.0
2012-08-16,77.8
2012-08-17,64.4
2012-08-18,68.5
2012-08-19,69.0
2012-08-20,73.5
2012-08-21,69.2
2012-08-22,71.7
2012-08-23,69.3
2012-08-24,68.1
2012-08-25,64.1
2012-08-26,77.5
2012-08-27,76.1
2012-08-28,57.5
2012-08-29,63.6
2012-08-30,69.1
2012-08-31,66.9
2012-09-01,25.3
2012-09-02,25.0
2012-09-03,54.3
2012-09-04,72.7
2012-09-05,71.6
2012-09-06,62.9
2012-09-07,73.0
2012-09-08,67.9
2012-09-09,70.9
2012-09-10,61.3
2012-09-11,58.9
2012-09-12,69.8
2012-09-13,63.0
2012-09-14,67.4
2012-09-15,69.0
2012-09-16,72.0
2012-09-17,68.0
2012-09-18,71.0
2012-09-19,72.9
2012-09-20,67.2
2012-09-21,76.0
2012-09-22,74.2
2012-09-23,68.6
2012-09-24,71.4
2012-09-25,67.8
2012-09-26,67.8
2012-09-27,77.9
2012-09-28,57.3
2012-09-29,63.2
2012-09-30,64.1
2012-10-01,70.9
2012-10-02,55.3
2012-10-03,76.7
2012-10-04,74.5
2012-10-05,63.6
2012-10-06,62.3
2012-10-07,73.9
2012-10-08,73.7
2012-10-09,57.4
2012-10-10,61.8
2012-10-11,72.3
2012-10-12,58.0
2012-10-13,34.8
2012-10-14,71.0
2012-10-15,70.6
2012-10-16,60.1
2012-10-17,35.0
2012-10-18,56.9
2012-10-19,61.8
2012-10-20,62.5
2012-10-21,65.2
2012-10-22,58.8
2012-10-23,60.5
2012-10-24,58.9
2012-10-25,60.9
2012-10-26,59.0
2012-10-27,40.3
2012-10-28,75.6
2012-10-29,62.5
2012-10-30,60.0
2012-10-31,68.1
2012-11-01,62.8
2012-11-02,79.8
2012-11-03,70.3
2012-11-04,28.9
2012-11-05,40.1
2012-11-06,63.5
2012-11-07,63.0
2012-11-08,61.2
2012-11-09,64.6
2012-11-10,72.7
2012-11-11,70.5
2012-11-12,15.1
2012-11-13,60.2
2012-11-14,63.3
2012-11-15,68.1
2012-11-16,66.7
2012-11-17,71.8
2012-11-18,75.1
2012-11-19,46.4
2012-11-20,73.4
2012-11-21,66.2
2012-11-22,63.8
2012-11-23,64.5
2012-11-24,67.9
2012-11-25,66.5
2012-11-26,58.6
2012-11-27,70.1
2012-11-28,35.1
2012-11-29,64.7
2012-11-30,77.7
2012-12-01,71.3
2012-12-02,69.6
2012-12-03,72.9
2012-12-04,69.6
2012-12-05,70.1
2012-12-06,77.9
2012-12-07,72.7
2012-12-08,68.5
2012-12-09,52.0
2012-12-10,70.3
2012-12-11,68.4
2012-12-12,72.1
2012-12-13,65.1
2012-12-14,66.5
2012-12-15,67.1
2012-12-16,68.8
2012-12-17,73.8
2012-12-18,62.7
2012-12-19,57.3
2012-12-20,51.6
2012-12-21,80.3
2012-12-22,68.8
2012-12-23,68.5
2012-12-24,71.3
2012-12-25,71.2
2012-12-26,76.5
2012-12-27,62.3
2012-12-28,71.8
2012-12-29,59.9
2012-12-30,45.4
2012-12-31,73.6
2013-01-01,80.5
2013-01-02,65.8
2013-01-03,63.0
2013-01-04,63.6
2013-01-05,56.5
2013-01-06,58.2
2013-01-07,67.7
2013-01-08,62.9
2013-01-09,60.2
2013-01-10,67.9
2013-01-11,47.4
2013-01-12,42.5
2013-01-13,34.0
2013-01-14,72.9
2013-01-15,70.9
2013-01-16,66.1
2013-01-17,67.8
2013-01-18,57.3
2013-01-19,54.2
2013-01-20,67.5
2013-01-21,76.2
2013-01-22,71.5
2013-01-23,62.8
2013-01-24,51.6
2013-01-25,70.0
2013-01-26,71.8
2013-01-27,62.7
2013-01-28,61.2
2013-01-29,25.2
2013-01-30,76.4
2013-01-31,44.3
2013-02-01,6.0
2013-02-02,56.6
2013-02-03,75.3
2013-02-04,70.2
2013-02-05,78.5
2013-02-06,76.3
2013-02-07,75.4
2013-02-08,71.9
2013-02-09,71.9
2013-02-10,59.0
2013-02-11,73.3
2013-02-12,64.5
2013-02-13,57.7
2013-02-14,68.8
2013-02-15,61.1
2013-02-16,62.3
2013-02-17,51.0
2013-02-18,45.1
2013-02-19,72.6
2013-02-20,72.5
2013-02-21,70.2
2013-02-22,85.1
2013-02-23,65.0
2013-02-24,72.5
2013-02-25,72.1
2013-02-26,71.6
2013-02-27,63.8
2013-02-28,19.0
2013-03-01,33.7
2013-03-02,67.1
2013-03-03,65.5
2013-03-04,72.1
2013-03-05,65.0
2013-03-06,67.8
2013-03-07,68.6
2013-03-08,35.0
2013-03-09,70.1
2013-03-10,57.4
2013-03-11,67.8
2013-03-12,64.6
2013-03-13,46.6
2013-03-14,74.9
2013-03-15,62.1
2013-03-16,71.2
2013-03-17,88.7
2013-03-18,39.4
2013-03-19,50.4
2013-03-20,45.4
2013-03-21,63.5
2013-03-22,46.3
2013-03-23,82.2
2013-03-24,72.4
2013-03-25,75.3
2013-03-26,89.2
2013-03-27,69.2
2013-03-28,77.2
2013-03-29,77.7
2013-03-30,77.5
2013-03-31,78.6
2013-04-01,66.6
2013-04-02,67.7
2013-04-03,57.4
2013-04-04,76.6
2013-04-05,85.7
2013-04-06,78.6
2013-04-07,77.6
2013-04-08,68.7
2013-04-09,65.0
2013-04-10,72.7
2013-04-11,68.3
2013-04-12,68.6
2013-04-13,69.9
2013-04-14,64.9
2013-04-15,52.4
2013-04-16,71.9
2013-04-17,74.5
2013-04-18,76.2
2013-04-19,73.2
2013-04-20,72.4
2013-04-21,70.8
2013-04-22,67.0
2013-04-23,46.7
2013-04-24,61.5
2013-04-25,71.5
2013-04-26,73.4
2013-04-27,72.9
2013-04-28,77.0
2013-04-29,73.1
2013-04-30,63.5
2013-05-01,69.5
2013-05-02,69.7
2013-05-03,62.0
2013-05-04,59.1
2013-05-05,52.4
2013-05-06,57.9
2013-05-07,59.4
2013-05-08,64.6
2013-05-09,58.8
2013-05-10,66.9
2013-05-11,66.8
2013-05-12,67.8
2013-05-13,73.4
2013-05-14,67.2
2013-05-15,67.5
2013-05-16,74.2
2013-05-17,72.6
2013-05-18,69.1
2013-05-19,73.1
2013-05-20,75.2
2013-05-21,63.0
2013-05-22,62.8
2013-05-23,59.0
2013-05-24,58.5
2013-05-25,65.7
2013-05-26,64.8
2013-05-27,51.0
2013-05-28,57.7
2013-05-29,54.5
2013-05-30,41.0
2013-05-31,62.0
2013-06-01,52.4
2013-06-02,52.4
2013-06-03,45.5
2013-06-04,72.3
2013-06-05,65.8
2013-06-06,64.0
2013-06-07,44.3
2013-06-08,72.1
2013-06-09,68.6
2013-06-10,61.8
2013-06-11,70.4
2013-06-12,67.9
2013-06-13,73.0
2013-06-14,48.5
2013-06-15,58.1
2013-06-16,41.0
2013-06-17,32.9
2013-06-18,68.8
2013-06-19,50.6
2013-06-20,65.4
2013-06-21,74.1
2013-06-22,62.4
2013-06-23,69.6
2013-06-24,70.2
2013-06-25,63.3
2013-06-26,64.2
2013-06-27,58.6
2013-06-28,64.6
2013-06-29,73.0
2013-06-30,71.7
2013-07-01,67.0
2013-07-02,52.0
2013-07-03,68.5
2013-07-04,63.9
2013-07-05,58.8
2013-07-06,66.5
2013-07-07,78.7
2013-07-08,43.0
2013-07-09,51.2
2013-07-10,50.6
2013-07-11,56.1
2013-07-12,61.5
2013-07-13,69.3
2013-07-14,67.5
2013-07-15,73.0
2013-07-16,51.5
2013-07-17,64.6
2013-07-18,49.8
2013-07-19,59.4
2013-07-20,59.0
2013-07-21,57.4
2013-07-22,69.8
2013-07-23,49.5
2013-07-24,43.9
2013-07-25,45.5
2013-07-26,62.1
2013-07-27,56.8
2013-07-28,68.1
2013-07-29,66.7
2013-07-30,60.4
2013-07-31,67.7
2013-08-01,52.4
2013-08-02,55.7
2013-08-03,61.9
2013-08-04,63.3
2013-08-05,54.9
2013-08-06,68.6
2013-08-07,62.3
2013-08-08,49.2
2013-08-09,62.6
2013-08-10,69.7
2013-08-11,45.9
2013-08-12,51.7
2013-08-13,71.1
2013-08-14,66.0
2013-08-15,69.3
2013-08-16,51.1
2013-08-17,70.9
2013-08-18,62.1
2013-08-19,64.4
2013-08-20,73.6
2013-08-21,63.7
2013-08-22,67.1
2013-08-23,66.8
2013-08-24,76.9
2013-08-25,72.3
2013-08-26,72.9
2013-08-27,66.2
2013-08-28,71.5
2013-08-29,62.1
2013-08-30,55.6
2013-08-31,67.8
2013-09-01,69.1
2013-09-02,70.8
2013-09-03,65.8
2013-09-04,66.3
2013-09-05,68.1
2013-09-06,62.5
2013-09-07,62.9
2013-09-08,65.6
2013-09-09,64.8
2013-09-10,65.8
2013-09-11,67.3
2013-09-12,67.3
2013-09-13,62.9
2013-09-14,68.1
2013-09-15,70.2
2013-09-16,57.5
2013-09-17,60.4
2013-09-18,61.0
2013-09-19,58.8
2013-09-20,57.6
2013-09-21,65.3
2013-09-22,78.5
2013-09-23,70.3
2013-09-24,56.0
2013-09-25,62.0
2013-09-26,67.5
2013-09-27,66.5
2013-09-28,49.1
2013-09-29,28.6
2013-09-30,79.0
2013-10-01,67.4
2013-10-02,54.8
2013-10-03,54.8
2013-10-04,65.0
2013-10-05,74.1
2013-10-06,57.1
2013-10-07,60.8
2013-10-08,56.8
2013-10-09,66.8
2013-10-10,71.0
2013-10-11,59.1
2013-10-12,56.5
2013-10-13,66.0
2013-10-14,34.4
2013-10-15,58.1
2013-10-16,73.2
2013-10-17,54.5
2013-10-18,64.9
2013-10-19,62.8
2013-10-20,63.8
2013-10-21,68.7
2013-10-22,57.8
2013-10-23,68.1
2013-10-24,66.4
2013-10-25,70.3
2013-10-26,61.9
2013-10-27,65.4
2013-10-28,71.0
2013-10-29,63.4
2013-10-30,66.2
2013-10-31,70.7
2013-11-01,65.5
2013-11-02,59.4
2013-11-03,70.3
2013-11-04,73.9
2013-11-05,68.8
2013-11-06,65.6
2013-11-07,73.7
2013-11-08,69.6
2013-11-09,59.6
2013-11-10,62.1
2013-11-11,67.4
2013-11-12,69.5
2013-11-13,72.3
2013-11-14,70.0
2013-11-15,68.7
2013-11-16,71.9
2013-11-17,83.4
2013-11-18,78.9
2013-11-19,77.5
2013-11-20,82.8
2013-11-21,79.4
2013-11-22,83.4
2013-11-23,81.7
2013-11-24,66.4
2013-11-25,74.4
2013-11-26,65.3
2013-11-27,64.7
2013-11-28,68.1
2013-11-29,69.3
2013-11-30,65.3
2013-12-01,63.9
2013-12-02,74.1
2013-12-03,66.8
2013-12-04,74.7
2013-12-05,74.6
2013-12-06,68.1
2013-12-07,60.8
2013-12-08,77.2
2013-12-09,77.7
2013-12-10,71.2
2013-12-11,64.8
2013-12-12,74.0
2013-12-13,77.1
2013-12-14,73.4
2013-12-15,76.8
2013-12-16,76.1
2013-12-17,76.5
2013-12-18,61.0
2013-12-19,66.6
2013-12-20,64.7
2013-12-21,69.5
2013-12-22,74.4
2013-12-23,77.7
2013-12-24,73.2
2013-12-25,68.8
2013-12-26,86.6
2013-12-27,68.5
2013-12-28,68.2
2013-12-29,53.6
2013-12-30,60.0
2013-12-31,56.1
2014-01-01,56.6
2014-01-02,49.4
2014-01-03,53.3
2014-01-04,69.2
2014-01-05,66.6
2014-01-06,63.0
2014-01-07,67.0
2014-01-08,65.0
2014-01-09,66.4
2014-01-10,67.5
2014-01-11,59.7
2014-01-12,67.5
2014-01-13,49.1
2014-01-14,54.7
2014-01-15,48.9
2014-01-16,54.2
2014-01-17,41.0
2014-01-18,64.6
2014-01-19,62.6
2014-01-20,43.8
2014-01-21,62.0
2014-01-22,61.0
2014-01-23,57.2
2014-01-24,49.4
2014-01-25,56.4
2014-01-26,68.9
2014-01-27,45.1
2014-01-28,31.6
2014-01-29,66.1
2014-01-30,29.2
2014-01-31,62.7
2014-02-01,53.4
2014-02-02,70.4
2014-02-03,45.6
2014-02-04,52.7
2014-02-05,59.2
2014-02-06,48.1
2014-02-07,49.9
2014-02-08,41.9
2014-02-09,49.3
2014-02-10,44.3
2014-02-11,54.2
2014-02-12,57.5
2014-02-13,56.3
2014-02-14,62.4
2014-02-15,74.0
2014-02-16,83.2
2014-02-17,71.1
2014-02-18,66.4
2014-02-19,68.5
2014-02-20,64.4
2014-02-21,70.7
2014-02-22,67.4
2014-02-23,76.1
2014-02-24,67.6
2014-02-25,75.1
2014-02-26,30.7
2014-02-27,71.2
2014-02-28,83.1
2014-03-01,71.7
2014-03-02,66.9
2014-03-03,64.3
2014-03-04,53.7
2014-03-05,67.8
2014-03-06,69.3
2014-03-07,77.3
2014-03-08,69.9
2014-03-09,75.6
2014-03-10,74.2
2014-03-11,70.3
2014-03-12,54.0
2014-03-13,77.8
2014-03-14,73.7
2014-03-15,69.5
2014-03-16,76.5
2014-03-17,76.2
2014-03-18,69.4
2014-03-19,75.0
2014-03-20,77.7
2014-03-21,75.8
2014-03-22,75.3
2014-03-23,74.7
2014-03-24,77.5
2014-03-25,77.3
2014-03-26,74.5
2014-03-27,81.4
2014-03-28,82.7
2014-03-29,65.7
2014-03-30,77.4
2014-03-31,69.7
2014-04-01,69.8
2014-04-02,67.0
2014-04-03,72.5
2014-04-04,79.5
2014-04-05,72.7
2014-04-06,76.3
2014-04-07,80.0
2014-04-08,64.4
2014-04-09,73.1
2014-04-10,72.6
2014-04-11,74.0
2014-04-12,62.6
2014-04-13,79.7
2014-04-14,62.2
2014-04-15,67.3
2014-04-16,77.5
2014-04-17,75.2
2014-04-18,68.1
2014-04-19,67.7
2014-04-20,65.5
2014-04-21,65.8
2014-04-22,63.6
2014-04-23,53.0
2014-04-24,62.0
2014-04-25,58.9
2014-04-26,67.6
2014-04-27,71.6
2014-04-28,59.1
2014-04-29,67.1
2014-04-30,58.6
2014-05-01,61.6
2014-05-02,61.8
2014-05-03,61.4
2014-05-04,40.8
2014-05-05,63.0
2014-05-06,61.4
2014-05-07,56.0
2014-05-08,63.1
2014-05-09,60.3
2014-05-10,64.2
2014-05-11,59.4
2014-05-12,51.6
2014-05-13,63.4
2014-05-14,71.5
2014-05-15,65.5
2014-05-16,66.5
2014-05-17,78.3
2014-05-18,68.5
2014-05-19,62.1
2014-05-20,59.3
2014-05-21,59.7
2014-05-22,61.4
2014-05-23,76.6
2014-05-24,65.6
2014-05-25,54.0
2014-05-26,68.5
2014-05-27,75.3
2014-05-28,66.1
2014-05-29,61.1
2014-05-30,60.8
2014-05-31,73.1
2014-06-01,64.7
2014-06-02,67.5
2014-06-03,61.7
2014-06-04,62.0
2014-06-05,71.0
2014-06-06,69.8
2014-06-07,68.7
2014-06-08,69.5
2014-06-09,67.6
2014-06-10,54.5
2014-06-11,55.5
2014-06-12,59.1
2014-06-13,65.5
2014-06-14,69.2
2014-06-15,68.3
2014-06-16,67.5
2014-06-17,56.1
2014-06-18,42.9
2014-06-19,61.2
2014-06-20,47.6
2014-06-21,57.2
2014-06-22,66.6
2014-06-23,64.9
2014-06-24,51.5
2014-06-25,54.3
2014-06-26,46.3
2014-06-27,48.3
2014-06-28,63.2
2014-06-29,76.2
2014-06-30,79.6
2014-07-01,75.1
2014-07-02,70.9
2014-07-03,69.6
2014-07-04,69.4
2014-07-05,68.6
2014-07-06,68.6
2014-07-07,60.8
2014-07-08,57.1
2014-07-09,50.0
2014-07-10,69.7
2014-07-11,77.7
2014-07-12,61.7
2014-07-13,72.5
2014-07-14,75.8
2014-07-15,65.7
2014-07-16,62.9
2014-07-17,68.9
2014-07-18,67.8
2014-07-19,64.3
2014-07-20,70.4
2014-07-21,64.5
2014-07-22,32.9
2014-07-23,73.0
2014-07-24,73.7
2014-07-25,70.9
2014-07-26,70.6
2014-07-27,63.7
2014-07-28,59.3
2014-07-29,52.9
2014-07-30,69.9
2014-07-31,78.9
2014-08-01,73.4
2014-08-02,69.4
2014-08-03,64.9
2014-08-04,60.8
2014-08-05,47.5
2014-08-06,75.0
2014-08-07,66.2
2014-08-08,70.7
2014-08-09,77.0
2014-08-10,73.2
2014-08-11,64.6
2014-08-12,65.8
2014-08-13,68.2
2014-08-14,68.8
2014-08-15,72.3
2014-08-16,81.0
2014-08-17,68.8
2014-08-18,61.8
2014-08-19,76.4
2014-08-20,75.6
2014-08-21,71.6
2014-08-22,66.6
2014-08-23,68.9
2014-08-24,76.3
2014-08-25,69.7
2014-08-26,71.3
2014-08-27,68.5
2014-08-28,77.9
2014-08-29,66.0
2014-08-30,76.7
2014-08-31,78.1
2014-09-01,64.5
2014-09-02,63.8
2014-09-03,61.1
2014-09-04,60.9
2014-09-05,52.3
2014-09-06,72.5
2014-09-07,59.6
2014-09-08,73.1
2014-09-09,68.6
2014-09-10,58.5
2014-09-11,70.2
2014-09-12,70.8
2014-09-13,68.3
2014-09-14,68.5
2014-09-15,66.2
2014-09-16,65.4
2014-09-17,66.2
2014-09-18,67.8
2014-09-19,57.8
2014-09-20,64.1
2014-09-21,71.7
2014-09-22,70.1
2014-09-23,77.8
2014-09-24,63.2
2014-09-25,68.1
2014-09-26,68.8
2014-09-27,68.7
2014-09-28,71.8
2014-09-29,74.1
2014-09-30,67.7
2014-10-01,76.3
2014-10-02,68.8
2014-10-03,73.4
2014-10-04,72.4
2014-10-05,69.1
2014-10-06,66.9
2014-10-07,70.5
2014-10-08,76.2
2014-10-09,56.8
2014-10-10,65.9
2014-10-11,55.0
2014-10-12,47.9
2014-10-13,57.0
2014-10-14,64.4
2014-10-15,54.3
2014-10-16,57.9
2014-10-17,58.9
2014-10-18,46.5
2014-10-19,73.2
2014-10-20,46.0
2014-10-21,58.5
2014-10-22,55.4
2014-10-23,77.8
2014-10-24,74.5
2014-10-25,60.4
2014-10-26,73.2
2014-10-27,52.4
2014-10-28,75.3
2014-10-29,65.7
2014-10-30,72.4
2014-10-31,77.4
2014-11-01,64.1
2014-11-02,68.8
2014-11-03,58.8
2014-11-04,57.0
2014-11-05,64.5
2014-11-06,65.2
2014-11-07,61.3
2014-11-08,62.2
2014-11-09,67.8
2014-11-10,51.0
2014-11-11,59.9
2014-11-12,48.5
2014-11-13,75.0
2014-11-14,73.6
2014-11-15,75.6
2014-11-16,72.4
2014-11-17,70.3
2014-11-18,63.9
2014-11-19,63.9
2014-11-20,65.7
2014-11-21,63.0
2014-11-22,64.1
2014-11-23,59.0
2014-11-24,69.2
2014-11-25,68.7
2014-11-26,64.5
2014-11-27,75.8
2014-11-28,62.5
2014-11-29,70.6
2014-11-30,82.3
2014-12-01,75.2
2014-12-02,40.6
2014-12-03,56.8
2014-12-04,52.1
2014-12-05,47.1
2014-12-06,50.2
2014-12-07,52.8
2014-12-08,56.7
2014-12-09,52.4
2014-12-10,71.0
2014-12-11,57.5
2014-12-12,53.7
2014-12-13,50.7
2014-12-14,56.7
2014-12-15,67.8
2014-12-16,70.2
2014-12-17,63.8
2014-12-18,59.3
2014-12-19,42.7
2014-12-20,55.5
2014-12-21,78.0
2014-12-22,73.1
2014-12-23,60.4
2014-12-24,71.3
2014-12-25,73.3
2014-12-26,78.5
2014-12-27,77.3
2014-12-28,69.1
2014-12-29,59.5
2014-12-30,57.3
2014-12-31,57.2
2015-01-01,57.6
2015-01-02,63.3
2015-01-03,54.0
2015-01-04,53.5
2015-01-05,58.8
2015-01-06,60.8
2015-01-07,68.5
2015-01-08,73.0
2015-01-09,62.9
2015-01-10,64.0
2015-01-11,69.3
2015-01-12,71.0
2015-01-13,59.4
2015-01-14,68.9
2015-01-15,66.6
2015-01-16,65.9
2015-01-17,60.3
2015-01-18,57.0
2015-01-19,55.5
2015-01-20,71.0
2015-01-21,53.6
2015-01-22,60.2
2015-01-23,66.1
2015-01-24,62.9
2015-01-25,50.7
2015-01-26,46.5
2015-01-27,54.0
2015-01-28,63.6
2015-01-29,56.0
2015-01-30,54.8
2015-01-31,34.7
2015-02-01,42.3
2015-02-02,67.1
2015-02-03,51.2
2015-02-04,56.8
2015-02-05,76.9
2015-02-06,77.1
2015-02-07,69.5
2015-02-08,55.5
2015-02-09,75.2
2015-02-10,52.2
2015-02-11,49.4
2015-02-12,64.7
2015-02-13,47.5
2015-02-14,48.9
2015-02-15,50.4
2015-02-16,38.4
2015-02-17,48.6
2015-02-18,57.5
2015-02-19,47.8
2015-02-20,43.5
2015-02-21,35.2
2015-02-22,49.3
2015-02-23,51.5
2015-02-24,70.7
2015-02-25,64.7
2015-02-26,72.4
2015-02-27,61.2
2015-02-28,68.8
2015-03-01,51.7
2015-03-02,54.4
2015-03-03,66.2
2015-03-04,56.2
2015-03-05,67.4
2015-03-06,51.7
2015-03-07,46.8
2015-03-08,52.0
2015-03-09,48.2
2015-03-10,47.7
2015-03-11,56.2
2015-03-12,67.8
2015-03-13,55.9
2015-03-14,57.4
2015-03-15,56.0
2015-03-16,37.1
2015-03-17,62.4
2015-03-18,63.6
2015-03-19,76.3
2015-03-20,67.9
2015-03-21,58.3
2015-03-22,75.9
2015-03-23,76.3
2015-03-24,51.4
2015-03-25,51.3
2015-03-26,63.9
2015-03-27,42.9
2015-03-28,59.3
2015-03-29,49.7
2015-03-30,40.0
2015-03-31,39.7
2015-04-01,48.0
2015-04-02,69.1
2015-04-03,57.6
2015-04-04,59.9
2015-04-05,75.1
2015-04-06,58.6
2015-04-07,42.2
2015-04-08,47.7
2015-04-09,55.2
2015-04-10,43.0
2015-04-11,67.9
2015-04-12,60.6
2015-04-13,40.2
2015-04-14,76.2
2015-04-15,70.1
2015-04-16,57.8
2015-04-17,63.8
2015-04-18,69.0
2015-04-19,72.0
2015-04-20,70.1
2015-04-21,70.2
2015-04-22,56.1
2015-04-23,62.4
2015-04-24,54.9
2015-04-25,61.6
2015-04-26,71.8
2015-04-27,70.4
2015-04-28,68.9
2015-04-29,76.5
2015-04-30,63.5
2015-05-01,63.3
2015-05-02,55.6
2015-05-03,50.8
2015-05-04,50.7
2015-05-05,64.3
2015-05-06,53.7
2015-05-07,56.4
2015-05-08,64.1
2015-05-09,54.6
2015-05-10,66.4
2015-05-11,66.6
2015-05-12,74.6
2015-05-13,64.2
2015-05-14,79.8
2015-05-15,81.3
2015-05-16,72.0
2015-05-17,72.7
2015-05-18,63.9
2015-05-19,52.4
2015-05-20,71.8
2015-05-21,76.0
2015-05-22,66.9
2015-05-23,75.0
2015-05-24,68.9
2015-05-25,63.4
2015-05-26,71.0
2015-05-27,68.4
2015-05-28,83.2
2015-05-29,68.4
2015-05-30,67.2
2015-05-31,78.7
2015-06-01,52.8
2015-06-02,51.9
2015-06-03,56.5
2015-06-04,72.7
2015-06-05,72.7
2015-06-06,79.6
2015-06-07,70.9
2015-06-08,63.7
2015-06-09,58.7
2015-06-10,75.9
2015-06-11,48.3
2015-06-12,66.8
2015-06-13,73.2
2015-06-14,73.3
2015-06-15,75.3
2015-06-16,66.6
2015-06-17,63.6
2015-06-18,65.8
2015-06-19,73.6
2015-06-20,71.6
2015-06-21,69.2
2015-06-22,67.6
2015-06-23,69.1
2015-06-24,58.2
2015-06-25,73.5
2015-06-26,75.0
2015-06-27,60.3
2015-06-28,76.5
2015-06-29,63.3
2015-06-30,70.7
2015-07-01,66.7
2015-07-02,61.4
2015-07-03,54.8
2015-07-04,56.9
2015-07-05,58.1
2015-07-06,70.9
2015-07-07,71.9
2015-07-08,80.1
2015-07-09,66.9
2015-07-10,75.1
2015-07-11,71.8
2015-07-12,63.7
2015-07-13,68.1
2015-07-14,50.4
2015-07-15,33.2
2015-07-16,57.9
2015-07-17,51.1
2015-07-18,45.5
2015-07-19,54.1
2015-07-20,68.4
2015-07-21,59.8
2015-07-22,70.7
2015-07-23,61.9
2015-07-24,69.5
2015-07-25,64.8
2015-07-26,61.0
2015-07-27,66.0
2015-07-28,56.7
2015-07-29,53.4
2015-07-30,49.4
2015-07-31,72.7
2015-08-01,67.3
2015-08-02,68.2
2015-08-03,63.2
2015-08-04,67.9
2015-08-05,64.5
2015-08-06,72.2
2015-08-07,62.0
2015-08-08,60.1
2015-08-09,65.0
2015-08-10,71.9
2015-08-11,68.3
2015-08-12,58.3
2015-08-13,56.7
2015-08-14,63.7
2015-08-15,69.8
2015-08-16,83.7
2015-08-17,67.7
2015-08-18,65.5
2015-08-19,60.5
2015-08-20,66.4
2015-08-21,63.0
2015-08-22,78.5
2015-08-23,65.3
2015-08-24,81.0
2015-08-25,72.7
2015-08-26,58.8
2015-08-27,65.3
2015-08-28,61.7
2015-08-29,64.2
2015-08-30,62.6
2015-08-31,63.9
2015-09-01,47.1
2015-09-02,57.4
2015-09-03,65.1
2015-09-04,55.0
2015-09-05,64.7
2015-09-06,68.1
2015-09-07,66.3
2015-09-08,42.0
2015-09-09,60.2
2015-09-10,56.0
2015-09-11,60.7
2015-09-12,63.5
2015-09-13,70.1
2015-09-14,53.6
2015-09-15,56.4
2015-09-16,72.1
2015-09-17,69.6
2015-09-18,67.7
2015-09-19,59.7
2015-09-20,70.9
2015-09-21,69.8
2015-09-22,56.3
2015-09-23,35.0
2015-09-24,72.0
2015-09-25,66.1
2015-09-26,61.3
2015-09-27,62.3
2015-09-28,66.0
2015-09-29,49.1
2015-09-30,48.5
2015-10-01,45.4
2015-10-02,42.2
2015-10-03,49.7
2015-10-04,43.1
2015-10-05,51.5
2015-10-06,37.8
2015-10-07,51.6
2015-10-08,44.1
2015-10-09,52.6
2015-10-10,59.0
2015-10-11,63.1
2015-10-12,40.5
2015-10-13,41.1
2015-10-14,38.6
2015-10-15,47.5
2015-10-16,59.4
2015-10-17,26.4
2015-10-18,36.0
2015-10-19,44.1
2015-10-20,67.8
2015-10-21,47.9
2015-10-22,53.4
2015-10-23,76.3
2015-10-24,64.7
2015-10-25,37.8
2015-10-26,54.6
2015-10-27,65.0
2015-10-28,48.9
2015-10-29,51.4
2015-10-30,74.2
2015-10-31,68.1
2015-11-01,61.0
2015-11-02,58.0
2015-11-03,50.8
2015-11-04,51.7
2015-11-05,60.0
2015-11-06,26.7
2015-11-07,0.0
2015-11-08,37.7
2015-11-09,74.8
2015-11-10,68.8
2015-11-11,81.1
2015-11-12,74.4
2015-11-13,61.9
2015-11-14,76.2
2015-11-15,68.0
2015-11-16,52.4
2015-11-17,47.9
2015-11-18,34.0
2015-11-19,50.4
2015-11-20,53.7
2015-11-21,66.2
2015-11-22,36.5
2015-11-23,2.7
2015-11-24,33.9
2015-11-25,55.7
2015-11-26,59.8
2015-11-27,60.2
2015-11-28,50.2
2015-11-29,59.8
2015-11-30,65.8
2015-12-01,61.3
2015-12-02,58.7
2015-12-03,58.9
2015-12-04,62.1
2015-12-05,70.5
2015-12-06,68.6
2015-12-07,68.2
2015-12-08,75.1
2015-12-09,59.2
2015-12-10,45.9
2015-12-11,55.5
2015-12-12,58.4
2015-12-13,72.6
2015-12-14,71.8
2015-12-15,70.7
2015-12-16,67.5
2015-12-17,59.3
2015-12-18,54.8
2015-12-19,68.6
2015-12-20,67.0
2015-12-21,70.3
2015-12-22,71.7
2015-12-23,62.1
2015-12-24,21.2
2015-12-25,56.5
2015-12-26,62.8
2015-12-27,45.0
2015-12-28,57.8
2015-12-29,67.1
2015-12-30,72.3
2015-12-31,65.9
2016-01-01,57.4
2016-01-02,45.8
2016-01-03,49.3
2016-01-04,50.5
2016-01-05,52.2
2016-01-06,49.7
2016-01-07,41.3
2016-01-08,57.1
2016-01-09,48.8
2016-01-10,42.2
2016-01-11,47.7
2016-01-12,57.2
2016-01-13,47.6
2016-01-14,54.5
2016-01-15,57.0
2016-01-16,45.1
2016-01-17,20.6
2016-01-18,28.7
2016-01-19,49.4
2016-01-20,48.4
2016-01-21,50.9
2016-01-22,40.6
2016-01-23,43.6
2016-01-24,39.0
2016-01-25,37.3
2016-01-26,44.3
2016-01-27,54.1
2016-01-28,54.2
2016-01-29,48.2
2016-01-30,53.4
2016-01-31,48.3
2016-02-01,36.2
2016-02-02,44.2
2016-02-03,36.2
2016-02-04,34.9
2016-02-05,44.7
2016-02-06,42.1
2016-02-07,37.3
2016-02-08,30.2
2016-02-09,38.7
2016-02-10,30.7
2016-02-11,37.9
2016-02-12,32.2
2016-02-13,23.1
2016-02-14,15.4
2016-02-15,36.3
2016-02-16,16.2
2016-02-17,32.8
2016-02-18,46.7
2016-02-19,30.5
2016-02-20,48.7
2016-02-21,51.4
2016-02-22,28.7
2016-02-23,33.3
2016-02-24,41.7
2016-02-25,44.5
2016-02-26,48.5
2016-02-27,53.5
2016-02-28,53.1
2016-02-29,58.6
2016-03-01,43.8
2016-03-02,23.2
2016-03-03,32.1
2016-03-04,25.4
2016-03-05,30.1
2016-03-06,54.6
2016-03-07,37.4
2016-03-08,48.3
2016-03-09,37.7
2016-03-10,43.1
2016-03-11,38.0
2016-03-12,40.1
2016-03-13,58.3
2016-03-14,57.0
2016-03-15,49.7
2016-03-16,37.7
2016-03-17,40.8
2016-03-18,47.9
2016-03-19,57.2
2016-03-20,43.4
2016-03-21,35.2
2016-03-22,33.0
2016-03-23,41.4
2016-03-24,43.2
2016-03-25,38.9
2016-03-26,40.2
2016-03-27,60.8
2016-03-28,53.3
2016-03-29,42.0
2016-03-30,49.8
2016-03-31,55.4
2016-04-01,53.4
2016-04-02,44.7
2016-04-03,37.6
2016-04-04,55.7
2016-04-05,39.1
2016-04-06,34.5
2016-04-07,44.9
2016-04-08,57.1
2016-04-09,41.0
2016-04-10,39.2
2016-04-11,30.0
2016-04-12,35.0
2016-04-13,39.2
2016-04-14,40.3
2016-04-15,47.8
2016-04-16,36.5
2016-04-17,37.2
2016-04-18,32.4
2016-04-19,41.9
2016-04-20,37.0
2016-04-21,42.8
2016-04-22,36.1
2016-04-23,45.6
2016-04-24,39.8
2016-04-25,45.3
2016-04-26,36.0
2016-04-27,36.8
2016-04-28,49.2
2016-04-29,43.5
2016-04-30,44.3
2016-05-01,32.7
2016-05-02,39.4
2016-05-03,36.2
2016-05-04,38.2
2016-05-05,41.9
2016-05-06,44.0
2016-05-07,32.8
2016-05-08,25.1
2016-05-09,22.1
2016-05-10,28.3
2016-05-11,45.6
2016-05-12,45.7
2016-05-13,40.4
2016-05-14,41.1
2016-05-15,46.4
2016-05-16,48.1
2016-05-17,28.0
2016-05-18,30.0
2016-05-19,40.9
2016-05-20,46.8
2016-05-21,36.2
2016-05-22,26.6
2016-05-23,31.1
2016-05-24,38.5
2016-05-25,37.1
2016-05-26,23.0
2016-05-27,37.7
2016-05-28,42.3
2016-05-29,53.2
2016-05-30,55.2
2016-05-31,45.0
2016-06-01,47.1
2016-06-02,39.0
2016-06-03,43.5
2016-06-04,49.9
2016-06-05,39.2
2016-06-06,33.8
2016-06-07,49.6
2016-06-08,32.2
2016-06-09,34.1
2016-06-10,40.3
2016-06-11,19.7
2016-06-12,38.7
2016-06-13,34.0
2016-06-14,31.3
2016-06-15,27.7
2016-06-16,49.7
2016-06-17,50.3
2016-06-18,34.0
2016-06-19,28.6
2016-06-20,38.5
2016-06-21,39.6
2016-06-22,40.9
2016-06-23,26.8
2016-06-24,33.6
2016-06-25,29.2
2016-06-26,39.3
2016-06-27,40.9
2016-06-28,37.5
2016-06-29,35.6
2016-06-30,59.4
2016-07-01,40.5
2016-07-02,31.0
2016-07-03,42.6
2016-07-04,26.9
2016-07-05,20.1
2016-07-06,30.8
2016-07-07,41.2
2016-07-08,53.4
2016-07-09,41.9
2016-07-10,52.0
2016-07-11,44.8
2016-07-12,37.4
2016-07-13,20.5
2016-07-14,20.5
2016-07-15,29.5
2016-07-16,36.5
2016-07-17,47.8
2016-07-18,31.3
2016-07-19,35.8
2016-07-20,37.7
2016-07-21,4.8
2016-07-22,41.8
2016-07-23,52.9
2016-07-24,45.7
2016-07-25,43.7
2016-07-26,39.4
2016-07-27,48.5
2016-07-28,31.1
2016-07-29,39.8
2016-07-30,41.9
2016-07-31,41.8
2016-08-01,41.9
2016-08-02,33.7
2016-08-03,29.8
2016-08-04,34.2
2016-08-05,39.5
2016-08-06,41.9
2016-08-07,32.3
2016-08-08,25.6
2016-08-09,31.3
2016-08-10,34.4
2016-08-11,36.6
2016-08-12,45.2
2016-08-13,36.3
2016-08-14,36.1
2016-08-15,42.8
2016-08-16,42.1
2016-08-17,43.7
2016-08-18,42.3
2016-08-19,23.5
2016-08-20,34.4
2016-08-21,37.4
2016-08-22,42.6
2016-08-23,53.1
2016-08-24,42.5
2016-08-25,35.9
2016-08-26,43.3
2016-08-27,48.9
2016-08-28,41.3
2016-08-29,55.5
2016-08-30,39.8
2016-08-31,50.0
2016-09-01,48.6
2016-09-02,45.8
2016-09-03,46.1
2016-09-04,38.5
2016-09-05,38.3
2016-09-06,43.9
2016-09-07,29.4
2016-09-08,37.4
2016-09-09,38.2
2016-09-10,42.0
2016-09-11,33.9
2016-09-12,27.6
2016-09-13,48.6
2016-09-14,36.9
2016-09-15,46.1
2016-09-16,30.0
2016-09-17,23.4
2016-09-18,31.9
2016-09-19,28.9
2016-09-20,43.5
2016-09-21,38.3
2016-09-22,42.1
2016-09-23,27.6
2016-09-24,32.0
2016-09-25,22.5
2016-09-26,41.4
2016-09-27,36.4
2016-09-28,38.4
2016-09-29,50.8
2016-09-30,51.3
2016-10-01,42.8
2016-10-02,40.5
2016-10-03,46.0
2016-10-04,45.3
2016-10-05,27.4
2016-10-06,49.4
2016-10-07,42.4
2016-10-08,30.9
2016-10-09,39.6
2016-10-10,47.7
2016-10-11,38.7
2016-10-12,38.1
2016-10-13,49.3
2016-10-14,46.7
2016-10-15,57.0
2016-10-16,42.4
2016-10-17,49.0
2016-10-18,50.7
2016-10-19,41.3
2016-10-20,41.5
2016-10-21,27.3
2016-10-22,49.0
2016-10-23,21.3
2016-10-24,34.3
2016-10-25,57.2
2016-10-26,51.9
2016-10-27,52.4
2016-10-28,60.8
2016-10-29,54.7
2016-10-30,56.7
2016-10-31,51.9
2016-11-01,42.3
2016-11-02,46.0
2016-11-03,50.1
2016-11-04,48.2
2016-11-05,47.5
2016-11-06,22.4
2016-11-07,35.3
2016-11-08,57.7
2016-11-09,55.6
2016-11-10,59.3
2016-11-11,37.9
2016-11-12,59.4
2016-11-13,62.7
2016-11-14,57.7
2016-11-15,66.4
2016-11-16,62.7
2016-11-17,60.4
2016-11-18,68.6
2016-11-19,61.9
2016-11-20,64.2
2016-11-21,45.5
2016-11-22,35.6
2016-11-23,64.6
2016-11-24,65.4
2016-11-25,73.5
2016-11-26,65.6
2016-11-27,57.6
2016-11-28,53.5
2016-11-29,58.0
2016-11-30,61.9
2016-12-01,51.1
2016-12-02,67.8
2016-12-03,58.7
2016-12-04,49.8
2016-12-05,63.4
2016-12-06,69.0
2016-12-07,72.1
2016-12-08,69.4
2016-12-09,66.2
2016-12-10,59.7
2016-12-11,70.4
2016-12-12,75.6
2016-12-13,63.2
2016-12-14,58.2
2016-12-15,61.2
2016-12-16,68.1
2016-12-17,62.7
2016-12-18,61.8
2016-12-19,21.1
2016-12-20,31.7
2016-12-21,26.8
2016-12-22,70.7
2016-12-23,72.2
2016-12-24,74.3
2016-12-25,73.9
2016-12-26,74.4
2016-12-27,59.4
2016-12-28,63.6
2016-12-29,65.2
2016-12-30,65.4
2016-12-31,53.1
2017-01-01,44.2
2017-01-02,30.8
2017-01-03,60.6
2017-01-04,69.4
2017-01-05,66.2
2017-01-06,63.4
2017-01-07,66.6
2017-01-08,69.5
2017-01-09,71.9
2017-01-10,68.9
2017-01-11,56.6
2017-01-12,55.7
2017-01-13,71.7
2017-01-14,70.0
2017-01-15,64.0
2017-01-16,61.0
2017-01-17,68.5
2017-01-18,67.3
2017-01-19,68.8
2017-01-20,58.8
2017-01-21,50.0
2017-01-22,57.0
2017-01-23,51.6
2017-01-24,54.0
2017-01-25,58.8
2017-01-26,71.9
2017-01-27,54.9
2017-01-28,57.4
2017-01-29,54.3
2017-01-30,56.8
2017-01-31,57.2
2017-02-01,49.4
2017-02-02,50.4
2017-02-03,43.1
2017-02-04,69.2
2017-02-05,59.7
2017-02-06,71.4
2017-02-07,68.9
2017-02-08,66.1
2017-02-09,65.8
2017-02-10,71.5
2017-02-11,51.0
2017-02-12,54.3
2017-02-13,73.9
2017-02-14,67.7
2017-02-15,62.7
2017-02-16,66.5
2017-02-17,42.5
2017-02-18,59.8
2017-02-19,72.3
2017-02-20,56.2
2017-02-21,68.5
2017-02-22,56.7
2017-02-23,51.6
2017-02-24,52.2
2017-02-25,64.2
2017-02-26,65.2
2017-02-27,65.9
2017-02-28,58.3
2017-03-01,48.5
2017-03-02,50.5
2017-03-03,61.7
2017-03-04,63.9
2017-03-05,69.4
2017-03-06,68.2
2017-03-07,59.3
2017-03-08,60.9
2017-03-09,62.4
2017-03-10,65.6
2017-03-11,44.2
2017-03-12,48.2
2017-03-13,62.2
2017-03-14,58.6
2017-03-15,54.5
2017-03-16,60.4
2017-03-17,67.2
2017-03-18,65.5
2017-03-19,65.3
2017-03-20,67.9
2017-03-21,59.3
2017-03-22,64.1
2017-03-23,57.4
2017-03-24,64.6
2017-03-25,49.3
2017-03-26,59.2
2017-03-27,67.7
2017-03-28,54.0
2017-03-29,61.1
2017-03-30,52.1
2017-03-31,64.6
2017-04-01,65.4
2017-04-02,68.1
2017-04-03,69.8
2017-04-04,59.8
2017-04-05,56.6
2017-04-06,49.2
2017-04-07,53.4
2017-04-08,47.7
2017-04-09,54.2
2017-04-10,56.8
2017-04-11,50.6
2017-04-12,59.8
2017-04-13,54.3
2017-04-14,39.0
2017-04-15,59.8
2017-04-16,57.1
2017-04-17,54.5
2017-04-18,51.0
2017-04-19,36.8
2017-04-20,56.9
2017-04-21,48.4
2017-04-22,52.9
2017-04-23,41.3
2017-04-24,58.5
2017-04-25,49.8
2017-04-26,52.5
2017-04-27,54.8
2017-04-28,50.5
2017-04-29,59.6
2017-04-30,56.7
2017-05-01,63.2
2017-05-02,59.8
2017-05-03,60.4
2017-05-04,55.2
2017-05-05,39.7
2017-05-06,44.5
2017-05-07,42.9
2017-05-08,60.7
2017-05-09,62.4
2017-05-10,55.3
2017-05-11,62.1
2017-05-12,51.1
2017-05-13,49.9
2017-05-14,71.8
2017-05-15,58.4
2017-05-16,58.0
2017-05-17,52.7
2017-05-18,67.3
2017-05-19,58.6
2017-05-20,55.3
2017-05-21,64.9
2017-05-22,64.0
2017-05-23,58.3
2017-05-24,59.4
2017-05-25,60.0
2017-05-26,55.7
2017-05-27,60.6
2017-05-28,64.4
2017-05-29,70.1
2017-05-30,54.1
2017-05-31,53.2
2017-06-01,51.2
2017-06-02,54.3
2017-06-03,50.4
2017-06-04,66.6
2017-06-05,64.5
2017-06-06,58.7
2017-06-07,65.0
2017-06-08,67.3
2017-06-09,66.8
2017-06-10,59.7
2017-06-11,74.4
2017-06-12,66.6
2017-06-13,64.4
2017-06-14,58.1
2017-06-15,65.3
2017-06-16,52.4
2017-06-17,54.5
2017-06-18,63.6
2017-06-19,60.2
2017-06-20,50.8
2017-06-21,59.6
2017-06-22,61.3
2017-06-23,64.3
2017-06-24,54.8
2017-06-25,64.7
2017-06-26,57.6
2017-06-27,51.2
2017-06-28,46.8
2017-06-29,56.8
2017-06-30,75.3
2017-07-01,54.2
2017-07-02,48.8
2017-07-03,41.7
2017-07-04,58.8
2017-07-05,59.4
2017-07-06,58.3
2017-07-07,45.1
2017-07-08,51.3
2017-07-09,58.2
2017-07-10,54.2
2017-07-11,41.7
2017-07-12,60.2
2017-07-13,66.4
2017-07-14,54.0
2017-07-15,60.6
2017-07-16,74.7
2017-07-17,58.3
2017-07-18,51.6
2017-07-19,67.1
2017-07-20,54.8
2017-07-21,51.8
2017-07-22,58.1
2017-07-23,66.2
2017-07-24,62.5
2017-07-25,62.4
2017-07-26,63.5
2017-07-27,58.9
2017-07-28,62.3
2017-07-29,64.5
2017-07-30,74.1
2017-07-31,63.5
2017-08-01,56.8
2017-08-02,59.5
2017-08-03,55.9
2017-08-04,19.6
2017-08-05,54.7
2017-08-06,58.7
2017-08-07,56.0
2017-08-08,61.0
2017-08-09,62.8
2017-08-10,63.6
2017-08-11,61.7
2017-08-12,62.6
2017-08-13,60.1
2017-08-14,61.8
2017-08-15,53.6
2017-08-16,55.7
2017-08-17,57.9
2017-08-18,62.4
2017-08-19,59.1
2017-08-20,61.7
2017-08-21,68.5
2017-08-22,63.0
2017-08-23,64.4
2017-08-24,68.3
2017-08-25,62.7
2017-08-26,52.2
2017-08-27,68.3
2017-08-28,59.4
2017-08-29,57.2
2017-08-30,53.5
2017-08-31,61.2
2017-09-01,66.5
2017-09-02,58.1
2017-09-03,63.1
2017-09-04,62.3
2017-09-05,49.5
2017-09-06,62.8
2017-09-07,63.3
2017-09-08,50.1
2017-09-09,62.5
2017-09-10,55.2
2017-09-11,48.7
2017-09-12,65.2
2017-09-13,64.7
2017-09-14,57.9
2017-09-15,60.9
2017-09-16,75.1
2017-09-17,65.1
2017-09-18,57.9
2017-09-19,54.7
2017-09-20,61.7
2017-09-21,57.5
2017-09-22,52.5
2017-09-23,60.1
2017-09-24,62.9
2017-09-25,64.7
2017-09-26,55.8
2017-09-27,49.2
2017-09-28,41.3
2017-09-29,67.5
2017-09-30,61.3
2017-10-01,66.4
2017-10-02,38.3
2017-10-03,38.6
2017-10-04,67.6
2017-10-05,68.1
2017-10-06,65.3
2017-10-07,61.3
2017-10-08,64.1
2017-10-09,51.9
2017-10-10,33.4
2017-10-11,28.0
2017-10-12,63.7
2017-10-13,63.7
2017-10-14,67.3
2017-10-15,60.0
2017-10-16,68.7
2017-10-17,67.9
2017-10-18,65.7
2017-10-19,46.2
2017-10-20,63.6
2017-10-21,62.9
2017-10-22,64.4
2017-10-23,32.5
2017-10-24,69.1
2017-10-25,68.8
2017-10-26,67.3
2017-10-27,62.8
2017-10-28,49.9
2017-10-29,55.6
2017-10-30,63.2
2017-10-31,32.3
2017-11-01,57.9
2017-11-02,47.1
2017-11-03,52.2
2017-11-04,53.5
2017-11-05,45.3
2017-11-06,63.0
2017-11-07,51.1
2017-11-08,56.3
2017-11-09,53.6
2017-11-10,53.1
2017-11-11,46.6
2017-11-12,53.0
2017-11-13,56.4
2017-11-14,52.1
2017-11-15,57.9
2017-11-16,56.1
2017-11-17,61.8
2017-11-18,54.2
2017-11-19,59.2
2017-11-20,56.5
2017-11-21,53.4
2017-11-22,62.6
2017-11-23,66.2
2017-11-24,69.8
2017-11-25,57.9
2017-11-26,69.4
2017-11-27,65.6
2017-11-28,76.3
2017-11-29,67.5
2017-11-30,67.7
2017-12-01,62.6
2017-12-02,67.5
2017-12-03,73.1
2017-12-04,67.7
2017-12-05,57.1
2017-12-06,63.7
2017-12-07,62.7
2017-12-08,47.7
2017-12-09,61.9
2017-12-10,55.0
2017-12-11,60.1
2017-12-12,57.6
2017-12-13,51.2
2017-12-14,56.5
2017-12-15,54.8
2017-12-16,56.5
2017-12-17,55.5
2017-12-18,59.3
2017-12-19,49.3
2017-12-20,58.2
2017-12-21,59.9
2017-12-22,61.3
2017-12-23,56.1
2017-12-24,55.1
2017-12-25,54.4
2017-12-26,58.0
2017-12-27,56.2
2017-12-28,63.7
2017-12-29,63.9
2017-12-30,67.7
2017-12-31,66.9
2018-01-01,62.0
2018-01-02,64.3
2018-01-03,61.3
2018-01-04,62.3
2018-01-05,58.4
2018-01-06,45.4
2018-01-07,59.6
2018-01-08,57.6
2018-01-09,44.5
2018-01-10,50.9
2018-01-11,51.4
2018-01-12,39.8
2018-01-13,51.8
2018-01-14,55.0
2018-01-15,63.8
2018-01-16,57.6
2018-01-17,68.4
2018-01-18,57.5
2018-01-19,58.5
2018-01-20,58.7
2018-01-21,57.3
2018-01-22,60.6
2018-01-23,52.3
2018-01-24,50.4
2018-01-25,60.8
2018-01-26,59.4
2018-01-27,50.3
2018-01-28,56.9
2018-01-29,58.3
2018-01-30,59.6
2018-01-31,59.0
2018-02-01,60.3
2018-02-02,67.9
2018-02-03,57.9
2018-02-04,71.1
2018-02-05,58.7
2018-02-06,56.3
2018-02-07,61.6
2018-02-08,51.9
2018-02-09,57.1
2018-02-10,72.2
2018-02-11,57.1
2018-02-12,57.4
2018-02-13,51.8
2018-02-14,64.0
2018-02-15,52.0
2018-02-16,65.3
2018-02-17,71.8
2018-02-18,59.4
2018-02-19,60.3
2018-02-20,59.8
2018-02-21,61.8
2018-02-22,59.5
2018-02-23,58.1
2018-02-24,58.4
2018-02-25,56.6
2018-02-26,60.5
2018-02-27,63.2
2018-02-28,61.9
2018-03-01,53.6
2018-03-02,52.9
2018-03-03,58.8
2018-03-04,48.2
2018-03-05,69.9
2018-03-06,72.9
2018-03-07,62.4
2018-03-08,55.5
2018-03-09,50.6
2018-03-10,54.1
2018-03-11,71.0
2018-03-12,69.6
2018-03-13,63.0
2018-03-14,53.3
2018-03-15,60.4
2018-03-16,38.4
2018-03-17,72.7
2018-03-18,72.5
2018-03-19,56.1
2018-03-20,52.2
2018-03-21,53.6
2018-03-22,67.0
2018-03-23,67.4
2018-03-24,71.5
2018-03-25,64.4
2018-03-26,72.3
2018-03-27,66.0
2018-03-28,64.0
2018-03-29,59.3
2018-03-30,55.6
2018-03-31,51.1
2018-04-01,53.7
2018-04-02,61.8
2018-04-03,59.7
2018-04-04,49.7
2018-04-05,54.5
2018-04-06,55.4
2018-04-07,50.5
2018-04-08,48.3
2018-04-09,39.5
2018-04-10,50.2
2018-04-11,55.0
2018-04-12,46.6
2018-04-13,60.4
2018-04-14,61.6
2018-04-15,47.5
2018-04-16,59.7
2018-04-17,60.6
2018-04-18,58.2
2018-04-19,58.1
2018-04-20,60.2
2018-04-21,60.8
2018-04-22,53.0
2018-04-23,31.1
2018-04-24,68.6
2018-04-25,61.7
2018-04-26,63.4
2018-04-27,59.1
2018-04-28,61.9
2018-04-29,69.5
2018-04-30,63.2
2018-05-01,67.2
2018-05-02,60.9
2018-05-03,51.0
2018-05-04,58.1
2018-05-05,60.7
2018-05-06,64.1
2018-05-07,61.5
2018-05-08,69.6
2018-05-09,69.7
2018-05-10,58.0
2018-05-11,60.2
2018-05-12,62.3
2018-05-13,54.8
2018-05-14,67.7
2018-05-15,58.0
2018-05-16,61.5
2018-05-17,47.3
2018-05-18,65.1
2018-05-19,62.0
2018-05-20,61.5
2018-05-21,71.8
2018-05-22,71.2
2018-05-23,72.4
2018-05-24,57.6
2018-05-25,59.2
2018-05-26,63.1
2018-05-27,62.1
2018-05-28,76.0
2018-05-29,68.3
2018-05-30,73.1
2018-05-31,67.3
2018-06-01,75.5
2018-06-02,58.9
2018-06-03,65.1
2018-06-04,53.3
2018-06-05,60.2
2018-06-06,10.8
2018-06-07,36.3
2018-06-08,63.5
2018-06-09,36.3
2018-06-10,56.1
2018-06-11,70.0
2018-06-12,66.8
2018-06-13,65.2
2018-06-14,77.5
2018-06-15,75.7
2018-06-16,69.2
2018-06-17,66.7
2018-06-18,61.0
2018-06-19,67.9
2018-06-20,61.4
2018-06-21,60.0
2018-06-22,59.4
2018-06-23,58.5
2018-06-24,62.2
2018-06-25,71.0
2018-06-26,52.1
2018-06-27,51.0
2018-06-28,30.3
2018-06-29,40.0
2018-06-30,45.3
2018-07-01,61.8
2018-07-02,67.3
2018-07-03,70.2
2018-07-04,69.1
2018-07-05,64.8
2018-07-06,69.0
2018-07-07,62.5
2018-07-08,51.1
2018-07-09,40.9
2018-07-10,60.6
2018-07-11,68.9
2018-07-12,65.3
2018-07-13,43.8
2018-07-14,40.8
2018-07-15,74.7
2018-07-16,65.3
2018-07-17,61.9
2018-07-18,62.1
2018-07-19,57.8
2018-07-20,66.6
2018-07-21,48.8
2018-07-22,65.1
2018-07-23,59.0
2018-07-24,63.7
2018-07-25,24.3
2018-07-26,44.5
2018-07-27,61.0
2018-07-28,60.1
2018-07-29,68.1
2018-07-30,62.0
2018-07-31,58.8
2018-08-01,59.9
2018-08-02,57.6
2018-08-03,57.0
2018-08-04,70.8
2018-08-05,68.6
2018-08-06,61.1
2018-08-07,62.5
2018-08-08,59.2
2018-08-09,55.7
2018-08-10,68.7
2018-08-11,66.5
2018-08-12,68.2
2018-08-13,70.9
2018-08-14,56.0
2018-08-15,4.3
2018-08-16,15.1
2018-08-17,27.8
2018-08-18,59.8
2018-08-19,69.2
2018-08-20,61.4
2018-08-21,60.1
2018-08-22,73.7
2018-08-23,59.0
2018-08-24,68.3
2018-08-25,65.2
2018-08-26,49.6
2018-08-27,52.3
2018-08-28,53.2
2018-08-29,54.1
2018-08-30,53.6
2018-08-31,53.8
2018-09-01,52.2
2018-09-02,54.9
2018-09-03,55.3
2018-09-04,60.5
2018-09-05,53.1
2018-09-06,55.6
2018-09-07,55.6
2018-09-08,56.9
2018-09-09,52.4
2018-09-10,52.7
2018-09-11,58.6
2018-09-12,56.0
2018-09-13,53.1
2018-09-14,53.6
2018-09-15,46.2
2018-09-16,32.3
2018-09-17,28.7
2018-09-18,29.7
2018-09-19,29.7
2018-09-20,29.5
2018-09-21,31.4
2018-09-22,55.4
2018-09-23,64.2
2018-09-24,58.1
2018-09-25,63.8
2018-09-26,68.9
2018-09-27,65.0
2018-09-28,56.0
2018-09-29,54.7
2018-09-30,54.6
2018-10-01,57.5
2018-10-02,50.7
2018-10-03,46.7
2018-10-04,51.4
2018-10-05,57.7
2018-10-06,44.5
2018-10-07,53.8
2018-10-08,56.8
2018-10-09,48.3
2018-10-10,48.1
2018-10-11,53.7
2018-10-12,44.4
2018-10-13,41.6
2018-10-14,41.7
2018-10-15,48.2
2018-10-16,40.5
2018-10-17,39.5
2018-10-18,46.4
2018-10-19,29.6
2018-10-20,42.8
2018-10-21,50.0
2018-10-22,50.3
2018-10-23,45.3
2018-10-24,50.3
2018-10-25,41.3
2018-10-26,43.2
2018-10-27,35.5
2018-10-28,38.8
2018-10-29,52.8
2018-10-30,42.9
2018-10-31,45.1
2018-11-01,51.0
2018-11-02,43.4
2018-11-03,46.5
2018-11-04,50.2
2018-11-05,30.5
2018-11-06,51.2
2018-11-07,59.1
2018-11-08,56.8
2018-11-09,65.4
2018-11-10,52.8
2018-11-11,49.3
2018-11-12,53.1
2018-11-13,52.5
2018-11-14,47.2
2018-11-15,42.0
2018-11-16,55.1
2018-11-17,56.1
2018-11-18,51.8
2018-11-19,47.8
2018-11-20,48.6
2018-11-21,39.8
2018-11-22,50.0
2018-11-23,52.7
2018-11-24,54.3
2018-11-25,54.1
2018-11-26,59.1
2018-11-27,39.8
2018-11-28,47.3
2018-11-29,52.7
2018-11-30,51.2
2018-12-01,57.4
2018-12-02,53.7
2018-12-03,41.3
2018-12-04,44.9
2018-12-05,37.2
2018-12-06,38.2
2018-12-07,42.2
2018-12-08,43.4
2018-12-09,41.3
2018-12-10,40.6
2018-12-11,49.5
2018-12-12,39.5
2018-12-13,42.0
2018-12-14,45.4
2018-12-15,55.1
2018-12-16,47.3
2018-12-17,50.2
2018-12-18,49.1
2018-12-19,62.3
2018-12-20,54.2
2018-12-21,52.8
2018-12-22,57.9
2018-12-23,55.1
2018-12-24,49.2
2018-12-25,39.9
2018-12-26,54.1
2018-12-27,47.5
2018-12-28,53.6
2018-12-29,38.3
2018-12-30,29.8
2018-12-31,57.3
2019-01-01,61.0
2019-01-02,61.1
2019-01-03,52.2
2019-01-04,41.8
2019-01-05,54.7
2019-01-06,58.7
2019-01-07,58.7
2019-01-08,46.6
2019-01-09,46.8
2019-01-10,34.2
2019-01-11,39.7
2019-01-12,53.5
2019-01-13,45.8
2019-01-14,44.1
2019-01-15,60.7
2019-01-16,54.3
2019-01-17,51.6
2019-01-18,61.1
2019-01-19,61.4
2019-01-20,65.4
2019-01-21,48.2
2019-01-22,45.3
2019-01-23,52.9
2019-01-24,59.2
2019-01-25,61.6
2019-01-26,51.2
2019-01-27,56.3
2019-01-28,65.8
2019-01-29,67.6
2019-01-30,56.3
2019-01-31,42.8
2019-02-01,51.4
2019-02-02,51.2
2019-02-03,49.0
2019-02-04,60.4
2019-02-05,50.9
2019-02-06,33.3
2019-02-07,43.5
2019-02-08,54.3
2019-02-09,56.8
2019-02-10,56.3
2019-02-11,57.3
2019-02-12,51.4
2019-02-13,40.3
2019-02-14,51.5
2019-02-15,62.5
2019-02-16,58.9
2019-02-17,54.5
2019-02-18,52.0
2019-02-19,53.7
2019-02-20,45.3
2019-02-21,42.9
2019-02-22,37.8
2019-02-23,49.4
2019-02-24,55.6
2019-02-25,52.4
2019-02-26,50.6
2019-02-27,47.5
2019-02-28,59.1
2019-03-01,52.9
2019-03-02,56.6
2019-03-03,57.8
2019-03-04,58.1
2019-03-05,55.3
2019-03-06,51.3
2019-03-07,46.7
2019-03-08,53.0
2019-03-09,49.4
2019-03-10,58.2
2019-03-11,55.2
2019-03-12,47.8
2019-03-13,63.0
2019-03-14,63.5
2019-03-15,59.9
2019-03-16,49.7
2019-03-17,52.2
2019-03-18,49.1
2019-03-19,40.6
2019-03-20,44.0
2019-03-21,50.8
2019-03-22,57.5
2019-03-23,56.3
2019-03-24,63.5
2019-03-25,55.4
2019-03-26,53.1
2019-03-27,56.1
2019-03-28,57.2
2019-03-29,55.2
2019-03-30,61.6
2019-03-31,58.2
2019-04-01,65.3
2019-04-02,57.2
2019-04-03,53.1
2019-04-04,60.2
2019-04-05,53.8
2019-04-06,60.3
2019-04-07,57.9
2019-04-08,55.8
2019-04-09,50.7
2019-04-10,53.5
2019-04-11,49.8
2019-04-12,47.5
2019-04-13,50.5
2019-04-14,50.5
2019-04-15,51.8
2019-04-16,55.2
2019-04-17,55.1
2019-04-18,41.4
2019-04-19,46.4
2019-04-20,54.8
2019-04-21,52.7
2019-04-22,55.0
2019-04-23,45.0
2019-04-24,47.3
2019-04-25,40.9
2019-04-26,40.2
2019-04-27,57.3
2019-04-28,49.1
2019-04-29,50.9
2019-04-30,53.9
2019-05-01,57.2
2019-05-02,54.9
2019-05-03,65.2
2019-05-04,67.2
2019-05-05,62.3
2019-05-06,55.1
2019-05-07,59.2
2019-05-08,51.2
2019-05-09,52.7
2019-05-10,57.0
2019-05-11,57.3
2019-05-12,62.5
2019-05-13,57.0
2019-05-14,54.5
2019-05-15,61.1
2019-05-16,60.5
2019-05-17,53.8
2019-05-18,64.0
2019-05-19,70.0
2019-05-20,53.0
2019-05-21,51.6
2019-05-22,64.9
2019-05-23,65.0
2019-05-24,58.8
2019-05-25,52.2
2019-05-26,60.5
2019-05-27,50.5
2019-05-28,56.1
2019-05-29,57.9
2019-05-30,52.7
2019-05-31,60.8
2019-06-01,56.1
2019-06-02,53.0
2019-06-03,57.2
2019-06-04,54.3
2019-06-05,50.1
2019-06-06,60.3
2019-06-07,61.2
2019-06-08,48.4
2019-06-09,59.4
2019-06-10,60.7
2019-06-11,54.0
2019-06-12,57.5
2019-06-13,62.7
2019-06-14,37.5
2019-06-15,36.5
2019-06-16,65.1
2019-06-17,61.9
2019-06-18,59.6
2019-06-19,61.6
2019-06-20,64.3
2019-06-21,65.1
2019-06-22,59.8
2019-06-23,63.9
2019-06-24,65.2
2019-06-25,52.7
2019-06-26,43.2
2019-06-27,61.8
2019-06-28,58.7
2019-06-29,63.9
2019-06-30,64.3
2019-07-01,52.9
2019-07-02,40.7
2019-07-03,51.3
2019-07-04,49.2
2019-07-05,55.6
2019-07-06,55.7
2019-07-07,54.7
2019-07-08,50.6
2019-07-09,55.1
2019-07-10,48.2
2019-07-11,51.9
2019-07-12,57.6
2019-07-13,44.0
2019-07-14,59.5
2019-07-15,53.0
2019-07-16,54.2
2019-07-17,40.0
2019-07-18,48.0
2019-07-19,48.6
2019-07-20,58.6
2019-07-21,63.4
2019-07-22,53.8
2019-07-23,52.7
2019-07-24,26.0
2019-07-25,49.1
2019-07-26,64.8
2019-07-27,57.7
2019-07-28,50.2
2019-07-29,52.9
2019-07-30,57.3
2019-07-31,56.0
2019-08-01,51.5
2019-08-02,49.0
2019-08-03,50.3
2019-08-04,57.9
2019-08-05,57.6
2019-08-06,43.7
2019-08-07,30.7
2019-08-08,22.7
2019-08-09,16.6
2019-08-10,39.2
2019-08-11,60.5
2019-08-12,16.7
2019-08-13,0.0
2019-08-14,37.6
2019-08-15,57.7
2019-08-16,58.0
2019-08-17,57.8
2019-08-18,56.6
2019-08-19,55.1
2019-08-20,39.8
2019-08-21,31.4
2019-08-22,50.7
2019-08-23,63.8
2019-08-24,60.4
2019-08-25,64.0
2019-08-26,61.6
2019-08-27,60.6
2019-08-28,55.7
2019-08-29,62.9
2019-08-30,71.2
2019-08-31,64.2
2019-09-01,58.5
2019-09-02,59.3
2019-09-03,49.0
2019-09-04,58.5
2019-09-05,59.1
2019-09-06,64.5
2019-09-07,65.4
2019-09-08,58.7
2019-09-09,52.4
2019-09-10,45.6
2019-09-11,48.1
2019-09-12,60.5
2019-09-13,52.4
2019-09-14,45.3
2019-09-15,44.8
2019-09-16,33.5
2019-09-17,40.8
2019-09-18,52.2
2019-09-19,43.9
2019-09-20,45.3
2019-09-21,46.0
2019-09-22,47.9
2019-09-23,48.0
2019-09-24,45.0
2019-09-25,42.1
2019-09-26,46.8
2019-09-27,51.5
2019-09-28,55.5
2019-09-29,55.7
2019-09-30,41.2
2019-10-01,48.4
2019-10-02,46.3
2019-10-03,53.9
2019-10-04,45.1
2019-10-05,6.4
2019-10-06,52.2
2019-10-07,38.5
2019-10-08,36.5
2019-10-09,43.2
2019-10-10,52.9
2019-10-11,47.6
2019-10-12,43.3
2019-10-13,50.0
2019-10-14,47.8
2019-10-15,61.0
2019-10-16,59.2
2019-10-17,56.8
2019-10-18,51.1
2019-10-19,59.1
2019-10-20,56.3
2019-10-21,57.2
2019-10-22,51.9
2019-10-23,58.0
2019-10-24,52.5
2019-10-25,58.4
2019-10-26,58.5
2019-10-27,63.8
2019-10-28,52.8
2019-10-29,36.3
2019-10-30,54.2
2019-10-31,57.5
2019-11-01,54.1
2019-11-02,53.8
2019-11-03,60.5
2019-11-04,44.6
2019-11-05,56.3
2019-11-06,57.2
2019-11-07,63.3
2019-11-08,55.1
2019-11-09,49.1
2019-11-10,40.7
2019-11-11,49.2
2019-11-12,55.9
2019-11-13,47.2
2019-11-14,43.5
2019-11-15,47.8
2019-11-16,43.8
2019-11-17,58.0
2019-11-18,54.4
2019-11-19,49.8
2019-11-20,51.7
2019-11-21,54.7
2019-11-22,55.9
2019-11-23,57.6
2019-11-24,33.6
2019-11-25,41.7
2019-11-26,56.3
2019-11-27,61.6
2019-11-28,52.3
2019-11-29,63.5
2019-11-30,63.0
2019-12-01,60.2
2019-12-02,60.9
2019-12-03,52.3
2019-12-04,55.3
2019-12-05,49.3
2019-12-06,50.7
2019-12-07,53.9
2019-12-08,57.5
2019-12-09,47.8
2019-12-10,53.4
2019-12-11,40.5
2019-12-12,55.3
2019-12-13,48.3
2019-12-14,46.5
2019-12-15,55.7
2019-12-16,57.5
2019-12-17,52.9
2019-12-18,54.4
2019-12-19,55.5
2019-12-20,51.5
2019-12-21,49.8
2019-12-22,57.8
2019-12-23,45.0
2019-12-24,41.7
2019-12-25,55.9
2019-12-26,49.6
2019-12-27,51.2
2019-12-28,58.2
2019-12-29,33.4
2019-12-30,42.5
2019-12-31,44.7
2020-01-01,34.6
2020-01-02,45.7
2020-01-03,50.2
2020-01-04,65.6
2020-01-05,60.1
2020-01-06,53.9
2020-01-07,58.8
2020-01-08,43.7
2020-01-09,43.3
2020-01-10,44.6
2020-01-11,41.6
2020-01-12,44.5
2020-01-13,55.3
2020-01-14,52.8
2020-01-15,42.3
2020-01-16,53.1
2020-01-17,45.1
2020-01-18,42.7
2020-01-19,51.6
2020-01-20,52.3
2020-01-21,55.8
2020-01-22,46.1
2020-01-23,29.2
2020-01-24,44.2
2020-01-25,47.1
2020-01-26,54.5
2020-01-27,45.3
2020-01-28,52.1
2020-01-29,46.8
2020-01-30,43.4
2020-01-31,30.0
2020-02-01,31.0
2020-02-02,44.7
2020-02-03,44.5
2020-02-04,39.8
2020-02-05,31.1
2020-02-06,43.0
2020-02-07,47.6
2020-02-08,29.4
2020-02-09,35.9
2020-02-10,37.3
2020-02-11,36.6
2020-02-12,24.3
2020-02-13,45.6
2020-02-14,38.3
2020-02-15,28.0
2020-02-16,44.6
2020-02-17,38.8
2020-02-18,41.5
2020-02-19,42.9
2020-02-20,33.2
2020-02-21,42.8
2020-02-22,43.4
2020-02-23,43.5
2020-02-24,32.8
2020-02-25,32.3
2020-02-26,36.7
2020-02-27,45.0
2020-02-28,37.0
2020-02-29,37.7
2020-03-01,34.0
2020-03-02,46.1
2020-03-03,45.8
2020-03-04,52.0
2020-03-05,53.4
2020-03-06,47.8
2020-03-07,44.5
2020-03-08,46.0
2020-03-09,39.5
2020-03-10,54.6
2020-03-11,56.7
2020-03-12,52.5
2020-03-13,49.3
2020-03-14,50.3
2020-03-15,46.2
2020-03-16,23.2
2020-03-17,26.7
2020-03-18,29.3
2020-03-19,32.9
2020-03-20,49.3
2020-03-21,24.6
2020-03-22,41.1
2020-03-23,44.9
2020-03-24,47.1
2020-03-25,40.6
2020-03-26,38.3
2020-03-27,35.1
2020-03-28,29.3
2020-03-29,24.5
2020-03-30,32.7
2020-03-31,39.5
2020-04-01,38.3
2020-04-02,38.9
2020-04-03,16.8
2020-04-04,33.2
2020-04-05,40.4
2020-04-06,27.0
2020-04-07,39.9
2020-04-08,39.0
2020-04-09,28.0
2020-04-10,30.4
2020-04-11,28.5
2020-04-12,32.0
2020-04-13,24.0
2020-04-14,28.5
2020-04-15,25.6
2020-04-16,25.0
2020-04-17,23.9
2020-04-18,35.6
2020-04-19,47.7
2020-04-20,44.6
2020-04-21,38.1
2020-04-22,34.8
2020-04-23,47.7
2020-04-24,36.9
2020-04-25,42.3
2020-04-26,46.4
2020-04-27,50.4
2020-04-28,49.6
2020-04-29,48.7
2020-04-30,44.7
2020-05-01,63.2
2020-05-02,59.7
2020-05-03,59.7
2020-05-04,50.6
2020-05-05,52.8
2020-05-06,52.3
2020-05-07,48.6
2020-05-08,45.0
2020-05-09,49.2
2020-05-10,48.7
2020-05-11,52.9
2020-05-12,39.4
2020-05-13,35.9
2020-05-14,45.3
2020-05-15,36.7
2020-05-16,42.1
2020-05-17,53.1
2020-05-18,57.7
2020-05-19,46.6
2020-05-20,41.7
2020-05-21,44.0
2020-05-22,34.7
2020-05-23,35.1
2020-05-24,48.5
2020-05-25,47.8
2020-05-26,44.5
2020-05-27,40.1
2020-05-28,47.1
2020-05-29,47.6
2020-05-30,52.1
2020-05-31,60.1
2020-06-01,43.9
2020-06-02,46.1
2020-06-03,58.6
2020-06-04,55.2
2020-06-05,56.8
2020-06-06,50.0
2020-06-07,55.5
2020-06-08,53.4
2020-06-09,45.6
2020-06-10,48.3
2020-06-11,45.6
2020-06-12,44.1
2020-06-13,49.7
2020-06-14,52.6
2020-06-15,50.1
2020-06-16,48.5
2020-06-17,54.3
2020-06-18,60.1
2020-06-19,58.6
2020-06-20,52.4
2020-06-21,59.9
2020-06-22,51.8
2020-06-23,51.5
2020-06-24,45.9
2020-06-25,58.8
2020-06-26,67.7
2020-06-27,61.0
2020-06-28,55.0
2020-06-29,49.7
2020-06-30,60.8
2020-07-01,51.7
2020-07-02,48.0
2020-07-03,47.7
2020-07-04,53.6
2020-07-05,45.7
2020-07-06,51.7
2020-07-07,49.7
2020-07-08,53.7
2020-07-09,52.2
2020-07-10,63.2
2020-07-11,54.2
2020-07-12,58.1
2020-07-13,52.7
2020-07-14,47.2
2020-07-15,56.7
2020-07-16,50.0
2020-07-17,43.3
2020-07-18,42.1
2020-07-19,46.3
2020-07-20,48.3
2020-07-21,50.1
2020-07-22,52.7
2020-07-23,60.8
2020-07-24,50.9
2020-07-25,41.9
2020-07-26,51.6
2020-07-27,50.9
2020-07-28,48.6
2020-07-29,63.1
2020-07-30,56.8
2020-07-31,63.3
2020-08-01,48.3
2020-08-02,59.8
2020-08-03,44.0
2020-08-04,47.2
2020-08-05,36.3
2020-08-06,47.8
2020-08-07,46.4
2020-08-08,55.2
2020-08-09,54.3
2020-08-10,32.1
2020-08-11,33.6
2020-08-12,61.7
2020-08-13,47.1
2020-08-14,43.3
2020-08-15,51.6
2020-08-16,54.9
2020-08-17,45.2
2020-08-18,53.8
2020-08-19,40.0
2020-08-20,58.6
2020-08-21,51.5
2020-08-22,46.8
2020-08-23,48.8
2020-08-24,43.1
2020-08-25,38.1
2020-08-26,48.7
2020-08-27,49.4
2020-08-28,43.3
2020-08-29,43.7
2020-08-30,48.6
2020-08-31,43.7
2020-09-01,49.6
2020-09-02,39.5
2020-09-03,47.8
2020-09-04,43.4
2020-09-05,44.1
2020-09-06,57.4
2020-09-07,58.1
2020-09-08,46.3
2020-09-09,44.5
2020-09-10,50.6
2020-09-11,48.2
2020-09-12,56.3
2020-09-13,49.8
2020-09-14,49.5
2020-09-15,54.2
2020-09-16,36.2
2020-09-17,45.7
2020-09-18,50.1
2020-09-19,48.5
2020-09-20,58.7
2020-09-21,55.4
2020-09-22,43.2
2020-09-23,47.4
2020-09-24,47.4
2020-09-25,45.2
2020-09-26,52.6
2020-09-27,51.2
2020-09-28,52.8
2020-09-29,51.7
2020-09-30,45.8
2020-10-01,52.3
2020-10-02,53.4
2020-10-03,46.1
2020-10-04,47.8
2020-10-05,45.1
2020-10-06,48.4
2020-10-07,44.8
2020-10-08,52.3
2020-10-09,39.4
2020-10-10,41.2
2020-10-11,41.2
2020-10-12,53.3
2020-10-13,45.2
2020-10-14,43.4
2020-10-15,46.4
2020-10-16,54.5
2020-10-17,53.1
2020-10-18,54.5
2020-10-19,50.4
2020-10-20,54.3
2020-10-21,49.6
2020-10-22,53.4
2020-10-23,57.6
2020-10-24,50.0
2020-10-25,46.2
2020-10-26,56.6
2020-10-27,47.0
2020-10-28,50.9
2020-10-29,54.8
2020-10-30,56.2
2020-10-31,52.9
2020-11-01,49.8
2020-11-02,54.7
2020-11-03,52.2
2020-11-04,52.8
2020-11-05,42.8
2020-11-06,48.6
2020-11-07,51.3
2020-11-08,48.3
2020-11-09,56.9
2020-11-10,56.7
2020-11-11,57.2
2020-11-12,46.8
2020-11-13,56.5
2020-11-14,54.1
2020-11-15,54.4
2020-11-16,59.5
2020-11-17,51.1
2020-11-18,52.1
2020-11-19,31.7
2020-11-20,52.3
2020-11-21,56.8
2020-11-22,52.8
2020-11-23,58.9
2020-11-24,55.2
2020-11-25,57.8
2020-11-26,50.8
2020-11-27,52.7
2020-11-28,45.9
2020-11-29,50.8
2020-11-30,53.0
2020-12-01,52.4
2020-12-02,54.1
2020-12-03,47.9
2020-12-04,52.4
2020-12-05,57.8
2020-12-06,52.6
2020-12-07,49.9
2020-12-08,42.0
2020-12-09,55.5
2020-12-10,41.1
2020-12-11,58.5
2020-12-12,61.1
2020-12-13,53.2
2020-12-14,51.7
2020-12-15,50.2
2020-12-16,51.7
2020-12-17,49.4
2020-12-18,50.0
2020-12-19,44.8
2020-12-20,53.2
2020-12-21,46.4
2020-12-22,55.3
2020-12-23,45.8
2020-12-24,52.2
2020-12-25,52.0
2020-12-26,56.2
2020-12-27,48.4
2020-12-28,59.5
2020-12-29,50.4
2020-12-30,43.5
2020-12-31,47.0
2021-01-01,52.8
2021-01-02,40.4
2021-01-03,48.7
2021-01-04,55.9
2021-01-05,58.2
2021-01-06,58.4
2021-01-07,40.0
2021-01-08,27.1
2021-01-09,35.4
2021-01-10,44.6
2021-01-11,47.7
2021-01-12,51.5
2021-01-13,53.3
2021-01-14,56.3
2021-01-15,58.9
2021-01-16,51.7
2021-01-17,57.0
2021-01-18,57.0
2021-01-19,56.2
2021-01-20,49.8
2021-01-21,56.7
2021-01-22,63.8
2021-01-23,56.9
2021-01-24,63.1
2021-01-25,61.0
2021-01-26,60.5
2021-01-27,53.4
2021-01-28,64.9
2021-01-29,61.5
2021-01-30,58.9
2021-01-31,58.1
2021-02-01,60.7
2021-02-02,60.8
2021-02-03,53.2
2021-02-04,58.4
2021-02-05,58.9
2021-02-06,59.1
2021-02-07,60.4
2021-02-08,61.6
2021-02-09,59.3
2021-02-10,58.1
2021-02-11,53.8
2021-02-12,62.6
2021-02-13,60.3
2021-02-14,41.4
2021-02-15,58.5
2021-02-16,50.4
2021-02-17,54.1
2021-02-18,55.3
2021-02-19,58.3
2021-02-20,41.6
2021-02-21,44.1
2021-02-22,39.6
2021-02-23,34.8
2021-02-24,34.8
2021-02-25,43.1
2021-02-26,57.2
2021-02-27,57.4
2021-02-28,46.3
2021-03-01,53.3
2021-03-02,41.2
2021-03-03,59.0
2021-03-04,46.8
2021-03-05,51.2
2021-03-06,21.6
2021-03-07,36.7
2021-03-08,50.7
2021-03-09,54.7
2021-03-10,49.9
2021-03-11,51.7
2021-03-12,57.0
2021-03-13,51.1
2021-03-14,52.7
2021-03-15,55.0
2021-03-16,50.9
2021-03-17,53.7
2021-03-18,45.5
2021-03-19,58.9
2021-03-20,47.9
2021-03-21,53.3
2021-03-22,63.9
2021-03-23,60.6
2021-03-24,56.0
2021-03-25,60.4
2021-03-26,64.3
2021-03-27,57.8
2021-03-28,40.2
2021-03-29,41.4
2021-03-30,52.0
2021-03-31,62.0
2021-04-01,61.3
2021-04-02,52.5
2021-04-03,45.5
2021-04-04,50.7
2021-04-05,45.6
2021-04-06,46.8
2021-04-07,35.9
2021-04-08,44.3
2021-04-09,36.8
2021-04-10,47.5
2021-04-11,47.3
2021-04-12,41.0
2021-04-13,40.3
2021-04-14,45.6
2021-04-15,37.4
2021-04-16,40.2
2021-04-17,37.8
2021-04-18,53.0
2021-04-19,46.2
2021-04-20,55.1
2021-04-21,43.0
2021-04-22,53.3
2021-04-23,45.0
2021-04-24,45.1
2021-04-25,30.0
2021-04-26,39.9
2021-04-27,34.4
2021-04-28,38.1
2021-04-29,40.3
2021-04-30,46.7
2021-05-01,42.3
2021-05-02,40.9
2021-05-03,36.3
2021-05-04,39.5
2021-05-05,45.2
2021-05-06,45.8
2021-05-07,29.2
2021-05-08,44.8
2021-05-09,47.6
2021-05-10,65.6
2021-05-11,54.2
2021-05-12,48.3
2021-05-13,53.5
2021-05-14,49.4
2021-05-15,39.2
2021-05-16,42.1
2021-05-17,42.3
2021-05-18,51.4
2021-05-19,45.7
2021-05-20,55.0
2021-05-21,47.5
2021-05-22,49.4
2021-05-23,46.9
2021-05-24,42.3
2021-05-25,41.5
2021-05-26,42.6
2021-05-27,38.9
2021-05-28,47.7
2021-05-29,35.5
2021-05-30,38.6
2021-05-31,43.4
2021-06-01,34.0
2021-06-02,38.0
2021-06-03,39.5
2021-06-04,43.8
2021-06-05,53.0
2021-06-06,53.9
2021-06-07,56.5
2021-06-08,41.8
2021-06-09,51.5
2021-06-10,45.9
2021-06-11,49.5
2021-06-12,37.3
2021-06-13,46.1
2021-06-14,44.1
2021-06-15,44.7
2021-06-16,43.5
2021-06-17,41.6
2021-06-18,45.8
2021-06-19,48.3
2021-06-20,49.0
2021-06-21,50.0
2021-06-22,57.4
2021-06-23,50.7
2021-06-24,48.8
2021-06-25,53.0
2021-06-26,36.0
2021-06-27,38.3
2021-06-28,37.5
2021-06-29,56.6
2021-06-30,38.5
2021-07-01,26.4
2021-07-02,39.0
2021-07-03,57.5
2021-07-04,52.3
2021-07-05,39.1
2021-07-06,31.6
2021-07-07,49.7
2021-07-08,47.4
2021-07-09,40.7
2021-07-10,44.2
2021-07-11,46.8
2021-07-12,40.4
2021-07-13,10.8
2021-07-14,33.7
2021-07-15,42.4
2021-07-16,53.6
2021-07-17,42.2
2021-07-18,34.6
2021-07-19,40.0
2021-07-20,39.2
2021-07-21,36.6
2021-07-22,37.3
2021-07-23,42.9
2021-07-24,41.6
2021-07-25,38.4
2021-07-26,40.4
2021-07-27,37.9
2021-07-28,38.5
2021-07-29,41.2
2021-07-30,22.2
2021-07-31,34.8
2021-08-01,41.2
2021-08-02,40.0
2021-08-03,30.1
2021-08-04,39.2
2021-08-05,48.2
2021-08-06,40.9
2021-08-07,47.9
2021-08-08,57.1
2021-08-09,51.3
2021-08-10,46.3
2021-08-11,42.2
2021-08-12,47.1
2021-08-13,41.9
2021-08-14,37.3
2021-08-15,46.4
2021-08-16,45.5
2021-08-17,37.3
2021-08-18,47.1
2021-08-19,33.8
2021-08-20,37.3
2021-08-21,52.6
2021-08-22,47.7
2021-08-23,38.5
2021-08-24,40.5
2021-08-25,53.6
2021-08-26,56.7
2021-08-27,51.5
2021-08-28,53.7
2021-08-29,42.7
2021-08-30,43.0
2021-08-31,33.2
2021-09-01,58.5
2021-09-02,52.1
2021-09-03,41.6
2021-09-04,38.6
2021-09-05,48.9
2021-09-06,55.3
2021-09-07,42.9
2021-09-08,47.9
2021-09-09,48.3
2021-09-10,28.6
2021-09-11,39.3
2021-09-12,46.9
2021-09-13,38.1
2021-09-14,36.8
2021-09-15,39.2
2021-09-16,39.9
2021-09-17,38.3
2021-09-18,40.6
2021-09-19,48.4
2021-09-20,47.7
2021-09-21,28.3
2021-09-22,30.9
2021-09-23,43.6
2021-09-24,49.7
2021-09-25,42.9
2021-09-26,47.5
2021-09-27,39.0
2021-09-28,46.0
2021-09-29,56.3
2021-09-30,53.1
2021-10-01,51.9
2021-10-02,47.8
2021-10-03,46.6
2021-10-04,37.1
2021-10-05,24.6
2021-10-06,20.4
2021-10-07,44.3
2021-10-08,37.7
2021-10-09,43.8
2021-10-10,45.3
2021-10-11,50.3
2021-10-12,48.8
2021-10-13,47.5
2021-10-14,47.4
2021-10-15,58.2
2021-10-16,50.2
2021-10-17,46.9
2021-10-18,45.7
2021-10-19,42.2
2021-10-20,35.2
2021-10-21,39.5
2021-10-22,49.2
2021-10-23,48.9
2021-10-24,53.8
2021-10-25,48.5
2021-10-26,50.9
2021-10-27,53.0
2021-10-28,52.7
2021-10-29,43.1
2021-10-30,53.6
2021-10-31,46.8
2021-11-01,49.8
2021-11-02,59.1
2021-11-03,55.6
2021-11-04,51.7
2021-11-05,47.3
2021-11-06,51.3
2021-11-07,45.7
2021-11-08,17.3
2021-11-09,42.0
2021-11-10,42.7
2021-11-11,45.7
2021-11-12,50.7
2021-11-13,54.9
2021-11-14,46.7
2021-11-15,54.8
2021-11-16,53.7
2021-11-17,56.6
2021-11-18,52.7
2021-11-19,50.6
2021-11-20,40.9
2021-11-21,60.1
2021-11-22,43.2
2021-11-23,34.5
2021-11-24,50.7
2021-11-25,54.2
2021-11-26,58.9
2021-11-27,61.1
2021-11-28,56.4
2021-11-29,60.1
2021-11-30,57.6
2021-12-01,58.8
2021-12-02,52.0
2021-12-03,51.4
2021-12-04,52.9
2021-12-05,50.9
2021-12-06,60.6
2021-12-07,58.6
2021-12-08,59.7
2021-12-09,53.1
2021-12-10,46.9
2021-12-11,47.9
2021-12-12,51.2
2021-12-13,65.8
2021-12-14,54.7
2021-12-15,57.3
2021-12-16,52.9
2021-12-17,53.6
2021-12-18,53.3
2021-12-19,57.6
2021-12-20,59.7
2021-12-21,56.3
2021-12-22,60.9
2021-12-23,52.1
2021-12-24,41.5
2021-12-25,33.1
2021-12-26,52.5
2021-12-27,53.9
2021-12-28,55.6
2021-12-29,54.9
2021-12-30,51.5
2021-12-31,44.5
2022-01-01,39.1
2022-01-02,48.2
2022-01-03,53.7
2022-01-04,53.2
2022-01-05,38.4
2022-01-06,40.2
2022-01-07,40.8
2022-01-08,36.5
2022-01-09,52.4
2022-01-10,47.4
2022-01-11,47.5
2022-01-12,52.1
2022-01-13,51.3
2022-01-14,45.0
2022-01-15,42.1
2022-01-16,43.5
2022-01-17,43.1
2022-01-18,49.2
2022-01-19,44.2
2022-01-20,47.4
2022-01-21,48.4
2022-01-22,41.1
2022-01-23,42.5
2022-01-24,39.2
2022-01-25,46.6
2022-01-26,48.4
2022-01-27,45.7
2022-01-28,36.7
2022-01-29,30.3
2022-01-30,35.4
2022-01-31,39.4
2022-02-01,43.1
2022-02-02,48.5
2022-02-03,50.8
2022-02-04,47.3
2022-02-05,35.5
2022-02-06,53.0
2022-02-07,49.2
2022-02-08,50.1
2022-02-09,39.0
2022-02-10,33.9
2022-02-11,44.2
2022-02-12,45.5
2022-02-13,50.4
2022-02-14,44.0
2022-02-15,49.9
2022-02-16,46.8
2022-02-17,51.3
2022-02-18,50.1
2022-02-19,48.0
2022-02-20,46.6
2022-02-21,54.1
2022-02-22,53.3
2022-02-23,48.2
2022-02-24,45.4
2022-02-25,46.5
2022-02-26,43.2
2022-02-27,50.3
2022-02-28,49.6
2022-03-01,53.7
2022-03-02,43.6
2022-03-03,50.8
2022-03-04,56.0
2022-03-05,46.5
2022-03-06,56.5
2022-03-07,48.0
2022-03-08,58.6
2022-03-09,46.0
2022-03-10,55.8
2022-03-11,55.3
2022-03-12,58.6
2022-03-13,46.6
2022-03-14,54.1
2022-03-15,58.3
2022-03-16,43.2
2022-03-17,51.1
2022-03-18,50.4
2022-03-19,49.1
2022-03-20,60.9
2022-03-21,57.9
2022-03-22,60.6
2022-03-23,44.3
2022-03-24,50.0
2022-03-25,53.1
2022-03-26,52.8
2022-03-27,50.6
2022-03-28,52.2
2022-03-29,46.4
2022-03-30,42.6
2022-03-31,49.6
2022-04-01,57.4
2022-04-02,52.3
2022-04-03,51.5
2022-04-04,51.2
2022-04-05,55.3
2022-04-06,46.3
2022-04-07,42.1
2022-04-08,49.0
2022-04-09,57.5
2022-04-10,56.0
2022-04-11,54.2
2022-04-12,50.2
2022-04-13,42.0
2022-04-14,53.6
2022-04-15,54.9
2022-04-16,50.2
2022-04-17,28.3
2022-04-18,17.1
2022-04-19,39.4
2022-04-20,51.0
2022-04-21,50.8
2022-04-22,54.3
2022-04-23,50.6
2022-04-24,51.0
2022-04-25,43.7
2022-04-26,51.5
2022-04-27,51.5
2022-04-28,45.2
2022-04-29,46.6
2022-04-30,49.7
2022-05-01,46.2
2022-05-02,50.7
2022-05-03,51.7
2022-05-04,51.3
2022-05-05,49.7
2022-05-06,40.3
2022-05-07,42.4
2022-05-08,48.5
2022-05-09,53.6
2022-05-10,46.2
2022-05-11,51.3
2022-05-12,47.5
2022-05-13,47.6
2022-05-14,44.0
2022-05-15,46.0
2022-05-16,45.8
2022-05-17,48.4
2022-05-18,44.1
2022-05-19,53.0
2022-05-20,43.5
2022-05-21,46.3
2022-05-22,55.4
2022-05-23,58.5
2022-05-24,52.8
2022-05-25,36.3
2022-05-26,43.9
2022-05-27,53.0
2022-05-28,44.3
2022-05-29,55.2
2022-05-30,49.1
2022-05-31,49.2
2022-06-01,55.6
2022-06-02,36.5
2022-06-03,49.2
2022-06-04,54.6
2022-06-05,46.4
2022-06-06,59.5
2022-06-07,52.3
2022-06-08,54.1
2022-06-09,59.4
2022-06-10,58.7
2022-06-11,56.9
2022-06-12,54.9
2022-06-13,43.8
2022-06-14,46.9
2022-06-15,50.7
2022-06-16,55.0
2022-06-17,61.0
2022-06-18,44.2
2022-06-19,45.7
2022-06-20,44.9
2022-06-21,43.3
2022-06-22,38.2
2022-06-23,50.3
2022-06-24,48.2
2022-06-25,53.9
2022-06-26,31.1
2022-06-27,33.6
2022-06-28,50.1
2022-06-29,54.3
2022-06-30,48.4
2022-07-01,48.1
2022-07-02,47.3
2022-07-03,51.3
2022-07-04,55.6
2022-07-05,36.8
2022-07-06,48.4
2022-07-07,32.3
2022-07-08,46.5
2022-07-09,47.8
2022-07-10,49.9
2022-07-11,48.8
2022-07-12,50.5
2022-07-13,44.6
2022-07-14,47.7
2022-07-15,49.7
2022-07-16,60.7
2022-07-17,58.9
2022-07-18,53.1
2022-07-19,53.5
2022-07-20,55.7
2022-07-21,51.7
2022-07-22,61.2
2022-07-23,56.3
2022-07-24,57.7
2022-07-25,60.1
2022-07-26,51.2
2022-07-27,54.1
2022-07-28,53.4
2022-07-29,30.7
2022-07-30,39.8
2022-07-31,53.4
2022-08-01,45.7
2022-08-02,52.1
2022-08-03,60.4
2022-08-04,59.9
2022-08-05,41.3
2022-08-06,50.5
2022-08-07,45.0
2022-08-08,59.2
2022-08-09,50.2
2022-08-10,51.3
2022-08-11,51.7
2022-08-12,53.0
2022-08-13,56.2
2022-08-14,55.2
2022-08-15,53.5
2022-08-16,56.3
2022-08-17,56.1
2022-08-18,52.9
2022-08-19,29.6
2022-08-20,28.7
2022-08-21,34.7
2022-08-22,48.3
2022-08-23,53.9
2022-08-24,53.4
2022-08-25,50.7
2022-08-26,54.3
2022-08-27,56.4
2022-08-28,54.6
2022-08-29,53.6
2022-08-30,47.9
2022-08-31,45.9
2022-09-01,48.4
2022-09-02,34.1
2022-09-03,51.1
2022-09-04,50.0
2022-09-05,46.0
2022-09-06,39.8
2022-09-07,41.3
2022-09-08,44.7
2022-09-09,48.8
2022-09-10,38.0
2022-09-11,49.9
2022-09-12,54.4
2022-09-13,42.5
2022-09-14,40.2
2022-09-15,32.3
2022-09-16,44.6
2022-09-17,35.8
2022-09-18,51.0
2022-09-19,47.5
2022-09-20,42.0
2022-09-21,46.1
2022-09-22,46.9
2022-09-23,40.6
2022-09-24,50.3
2022-09-25,59.6
2022-09-26,53.0
2022-09-27,54.9
2022-09-28,53.9
2022-09-29,49.3
2022-09-30,51.9
2022-10-01,51.8
2022-10-02,48.5
2022-10-03,43.3
2022-10-04,42.6
2022-10-05,38.4
2022-10-06,47.9
2022-10-07,56.7
2022-10-08,55.0
2022-10-09,41.9
2022-10-10,38.8
2022-10-11,39.3
2022-10-12,36.5
2022-10-13,42.2
2022-10-14,35.7
2022-10-15,28.6
2022-10-16,22.4
2022-10-17,18.3
2022-10-18,31.5
2022-10-19,22.8
2022-10-20,33.5
2022-10-21,26.9
2022-10-22,23.8
2022-10-23,25.7
2022-10-24,26.6
2022-10-25,27.4
2022-10-26,28.8
2022-10-27,18.1
2022-10-28,27.7
2022-10-29,40.5
2022-10-30,38.0
2022-10-31,29.7
2022-11-01,34.3
2022-11-02,25.7
2022-11-03,24.1
2022-11-04,41.3
2022-11-05,47.1
2022-11-06,40.3
2022-11-07,34.8
2022-11-08,32.4
2022-11-09,33.1
2022-11-10,34.6
2022-11-11,29.7
2022-11-12,30.1
2022-11-13,29.2
2022-11-14,33.8
2022-11-15,35.8
2022-11-16,46.8
2022-11-17,42.3
2022-11-18,35.7
2022-11-19,41.0
2022-11-20,36.8
2022-11-21,26.5
2022-11-22,26.1
2022-11-23,36.0
2022-11-24,40.1
2022-11-25,45.0
2022-11-26,30.9
2022-11-27,45.0
2022-11-28,32.6
2022-11-29,45.1
2022-11-30,35.5
2022-12-01,26.9
2022-12-02,37.2
2022-12-03,28.0
2022-12-04,46.8
2022-12-05,48.8
2022-12-06,48.0
2022-12-07,46.5
2022-12-08,49.6
2022-12-09,47.1
2022-12-10,51.8
2022-12-11,43.8
2022-12-12,43.8
2022-12-13,38.2
2022-12-14,52.2
2022-12-15,43.2
2022-12-16,37.6
2022-12-17,39.7
2022-12-18,42.7
2022-12-19,53.8
2022-12-20,46.0
2022-12-21,50.5
2022-12-22,52.2
2022-12-23,46.9
2022-12-24,53.7
2022-12-25,46.2
2022-12-26,41.2
2022-12-27,41.9
2022-12-28,40.7
2022-12-29,48.2
2022-12-30,56.5
2022-12-31,34.2
2023-01-01,52.4
2023-01-02,42.7
2023-01-03,49.8
2023-01-04,53.3
2023-01-05,43.5
2023-01-06,50.2
2023-01-07,50.6
2023-01-08,55.4
2023-01-09,53.3
2023-01-10,46.8
2023-01-11,50.8
2023-01-12,49.5
2023-01-13,30.8
2023-01-14,7.8
2023-01-15,34.4
2023-01-16,55.0
2023-01-17,42.4
2023-01-18,44.4
2023-01-19,42.4
2023-01-20,51.9
2023-01-21,43.3
2023-01-22,41.7
2023-01-23,47.8
2023-01-24,31.2
2023-01-25,40.1
2023-01-26,44.9
2023-01-27,41.0
2023-01-28,35.6
2023-01-29,43.1
2023-01-30,37.0
2023-01-31,33.1
2023-02-01,37.0
2023-02-02,40.1
2023-02-03,50.1
2023-02-04,42.1
2023-02-05,44.5
2023-02-06,47.3
2023-02-07,44.7
2023-02-08,38.9
2023-02-09,42.1
2023-02-10,44.2
2023-02-11,40.3
2023-02-12,44.8
2023-02-13,40.4
2023-02-14,40.3
2023-02-15,41.4
2023-02-16,37.5
2023-02-17,44.9
2023-02-18,52.5
2023-02-19,56.4
2023-02-20,54.1
2023-02-21,46.3
2023-02-22,42.7
2023-02-23,47.8
2023-02-24,56.3
2023-02-25,55.3
2023-02-26,48.7
2023-02-27,48.9
2023-02-28,42.0
2023-03-01,47.2
2023-03-02,50.9
2023-03-03,52.3
2023-03-04,47.1
2023-03-05,32.8
2023-03-06,27.1
2023-03-07,50.7
2023-03-08,31.2
2023-03-09,50.4
2023-03-10,51.0
2023-03-11,53.9
2023-03-12,43.4
2023-03-13,51.5
2023-03-14,43.8
2023-03-15,50.0
2023-03-16,52.1
2023-03-17,48.6
2023-03-18,53.4
2023-03-19,44.0
2023-03-20,49.2
2023-03-21,41.7
2023-03-22,43.3
2023-03-23,42.9
2023-03-24,54.9
2023-03-25,37.8
2023-03-26,38.3
2023-03-27,45.1
2023-03-28,43.9
2023-03-29,42.4
2023-03-30,46.1
2023-03-31,63.5
2023-04-01,50.2
2023-04-02,49.5
2023-04-03,52.4
2023-04-04,46.7
2023-04-05,17.2
2023-04-06,30.1
2023-04-07,52.8
2023-04-08,55.7
2023-04-09,53.4
2023-04-10,45.2
2023-04-11,49.1
2023-04-12,55.7
2023-04-13,53.1
2023-04-14,43.5
2023-04-15,51.3
2023-04-16,57.7
2023-04-17,55.5
2023-04-18,58.1
2023-04-19,51.0
2023-04-20,55.6
2023-04-21,51.5
2023-04-22,52.3
2023-04-23,50.1
2023-04-24,42.8
2023-04-25,53.3
2023-04-26,49.8
2023-04-27,45.9
2023-04-28,40.4
2023-04-29,54.8
2023-04-30,49.8
2023-05-01,48.6
2023-05-02,45.8
2023-05-03,42.4
2023-05-04,47.8
2023-05-05,38.3
2023-05-06,13.6
2023-05-07,27.3
2023-05-08,47.0
2023-05-09,51.1
2023-05-10,48.9
2023-05-11,56.3
2023-05-12,54.9
2023-05-13,48.0
2023-05-14,49.4
2023-05-15,54.0
2023-05-16,47.9
2023-05-17,51.0
2023-05-18,47.8
2023-05-19,45.4
2023-05-20,51.1
2023-05-21,58.5
2023-05-22,47.9
2023-05-23,54.4
2023-05-24,48.3
2023-05-25,41.6
2023-05-26,33.8
2023-05-27,50.4
2023-05-28,55.9
2023-05-29,43.8
2023-05-30,41.9
2023-05-31,40.5
2023-06-01,51.8
2023-06-02,46.3
2023-06-03,50.8
2023-06-04,54.1
2023-06-05,47.3
2023-06-06,46.1
2023-06-07,48.2
2023-06-08,47.8
2023-06-09,42.6
2023-06-10,48.3
2023-06-11,47.8
2023-06-12,50.5
2023-06-13,46.6
2023-06-14,58.9
2023-06-15,51.1
2023-06-16,50.5
2023-06-17,51.8
2023-06-18,56.0
2023-06-19,61.1
2023-06-20,52.1
2023-06-21,50.2
2023-06-22,53.5
2023-06-23,59.6
2023-06-24,54.1
2023-06-25,47.8
2023-06-26,48.5
2023-06-27,44.2
2023-06-28,53.7
2023-06-29,49.2
2023-06-30,54.5
2023-07-01,51.3
2023-07-02,48.0
2023-07-03,51.7
2023-07-04,53.9
2023-07-05,44.7
2023-07-06,56.5
2023-07-07,47.0
2023-07-08,48.0
2023-07-09,49.0
2023-07-10,45.7
2023-07-11,48.8
2023-07-12,59.2
2023-07-13,43.0
2023-07-14,51.7
2023-07-15,48.8
2023-07-16,44.3
2023-07-17,43.4
2023-07-18,50.7
2023-07-19,39.5
2023-07-20,53.5
2023-07-21,48.8
2023-07-22,37.0
2023-07-23,43.4
2023-07-24,54.6
2023-07-25,42.8
2023-07-26,50.5
2023-07-27,49.6
2023-07-28,48.4
2023-07-29,51.7
2023-07-30,43.9
2023-07-31,38.0
2023-08-01,46.0
2023-08-02,47.7
2023-08-03,51.1
2023-08-04,44.4
2023-08-05,50.0
2023-08-06,49.6
2023-08-07,40.3
2023-08-08,41.3
2023-08-09,37.4
2023-08-10,50.4
2023-08-11,44.8
2023-08-12,34.6
2023-08-13,40.5
2023-08-14,42.8
2023-08-15,46.8
2023-08-16,43.1
2023-08-17,40.6
2023-08-18,47.0
2023-08-19,55.9
2023-08-20,49.3
2023-08-21,44.2
2023-08-22,44.7
2023-08-23,52.6
2023-08-24,38.8
2023-08-25,52.1
2023-08-26,49.2
2023-08-27,48.7
2023-08-28,51.5
2023-08-29,39.5
2023-08-30,42.1
2023-08-31,37.7
2023-09-01,34.6
2023-09-02,48.4
2023-09-03,37.9
2023-09-04,37.0
2023-09-05,31.9
2023-09-06,37.5
2023-09-07,48.1
2023-09-08,42.4
2023-09-09,38.1
2023-09-10,43.7
2023-09-11,50.9
2023-09-12,46.9
2023-09-13,43.8
2023-09-14,50.7
2023-09-15,44.4
2023-09-16,47.0
2023-09-17,34.6
2023-09-18,37.1
2023-09-19,41.6
2023-09-20,45.1
2023-09-21,44.5
2023-09-22,43.6
2023-09-23,36.6
2023-09-24,51.2
2023-09-25,42.6
2023-09-26,52.4
2023-09-27,48.7
2023-09-28,58.1
2023-09-29,47.6
2023-09-30,50.2
2023-10-01,51.0
2023-10-02,50.8
2023-10-03,46.2
2023-10-04,37.2
2023-10-05,43.3
2023-10-06,40.1
2023-10-07,35.4
2023-10-08,37.6
2023-10-09,40.2
2023-10-10,52.0
2023-10-11,44.6
2023-10-12,46.4
2023-10-13,49.0
2023-10-14,50.5
2023-10-15,47.3
2023-10-16,40.6
2023-10-17,36.3
2023-10-18,39.0
2023-10-19,44.9
2023-10-20,37.2
2023-10-21,37.7
2023-10-22,43.9
2023-10-23,32.6
2023-10-24,32.6
2023-10-25,45.0
2023-10-26,43.5
2023-10-27,34.3
2023-10-28,55.5
2023-10-29,52.4
2023-10-30,53.0
2023-10-31,37.8
2023-11-01,34.9
2023-11-02,35.7
2023-11-03,50.6
2023-11-04,40.2
2023-11-05,54.0
2023-11-06,46.3
2023-11-07,44.6
2023-11-08,52.5
2023-11-09,27.2
2023-11-10,36.8
2023-11-11,49.7
2023-11-12,51.3
2023-11-13,47.8
2023-11-14,39.4
2023-11-15,52.9
2023-11-16,60.9
2023-11-17,52.0
2023-11-18,52.6
2023-11-19,46.9
2023-11-20,54.8
2023-11-21,51.2
2023-11-22,51.1
2023-11-23,56.0
2023-11-24,45.1
2023-11-25,61.6
2023-11-26,54.8
2023-11-27,56.1
2023-11-28,55.2
2023-11-29,61.0
2023-11-30,45.1
2023-12-01,49.1
2023-12-02,51.2
2023-12-03,46.8
2023-12-04,51.6
2023-12-05,49.3
2023-12-06,46.5
2023-12-07,53.6
2023-12-08,55.1
2023-12-09,50.5
2023-12-10,9.2
2023-12-11,0.0
2023-12-12,15.5
2023-12-13,54.0
2023-12-14,49.6
2023-12-15,20.7
2023-12-16,45.7
2023-12-17,44.2
2023-12-18,49.8
2023-12-19,57.0
2023-12-20,58.4
2023-12-21,47.4
2023-12-22,46.0
2023-12-23,40.1
2023-12-24,49.4
2023-12-25,51.5
2023-12-26,53.8
2023-12-27,57.3
2023-12-28,60.8
2023-12-29,53.7
2023-12-30,61.5
2023-12-31,48.4
2024-01-01,44.0
2024-01-02,39.5
2024-01-03,34.8
2024-01-04,47.3
2024-01-05,47.7
2024-01-06,50.7
2024-01-07,57.9
2024-01-08,40.0
2024-01-09,52.2
2024-01-10,54.1
2024-01-11,52.1
2024-01-12,56.0
2024-01-13,55.3
2024-01-14,53.6
2024-01-15,58.1
2024-01-16,46.3
2024-01-17,37.9
2024-01-18,47.5
2024-01-19,45.0
2024-01-20,36.5
2024-01-21,31.8
2024-01-22,49.9
2024-01-23,40.2
2024-01-24,37.5
2024-01-25,49.5
2024-01-26,46.0
2024-01-27,41.4
2024-01-28,38.7
2024-01-29,48.1
2024-01-30,44.3
2024-01-31,42.1
2024-02-01,18.2
2024-02-02,42.8
2024-02-03,51.1
2024-02-04,45.2
2024-02-05,54.1
2024-02-06,47.7
2024-02-07,44.0
2024-02-08,36.2
2024-02-09,48.7
2024-02-10,21.2
2024-02-11,53.0
2024-02-12,47.3
2024-02-13,51.7
2024-02-14,37.9
2024-02-15,40.8
2024-02-16,36.2
2024-02-17,32.3
2024-02-18,32.9
2024-02-19,40.4
2024-02-20,29.7
2024-02-21,16.8
2024-02-22,13.7
2024-02-23,35.2
2024-02-24,41.1
2024-02-25,43.6
2024-02-26,50.6
2024-02-27,47.3
2024-02-28,48.1
2024-02-29,43.1
